Rk,School,Conf,,AP Rank,W,L,Pts,Opp,MOV,,SOS,,OSRS,DSRS,SRS,ORtg,DRtg,NRtg
1,Alabama,SEC,,1,29,5,82.2,68.5,13.68,,10.14,,17.32,6.5,23.81,115.77,82.62,33.15
2,Houston,AAC,,2,31,3,75,56.5,18.53,,4.77,,5.5,17.8,23.3,117.37,82.33,35.03
3,UCLA,Pac-12,,7,29,5,73.9,60.3,13.62,,8.93,,7.41,15.14,22.55,114.6,82.22,32.38
4,Tennessee,SEC,,20,23,10,71.8,58,13.76,,8.15,,5.24,16.66,21.9,112.82,80.68,32.14
5,Texas,Big 12,,5,26,8,77.9,67.4,10.44,,10.84,,11.9,9.38,21.28,115.97,85.79,30.18
6,Connecticut,Big East,,10,24,8,78.7,65.2,13.47,,7.44,,10.6,10.27,20.87,113.77,85.01,28.76
7,Gonzaga,WCC,,9,28,5,87.5,72.9,14.61,,7.51,,17.89,2.25,20.13,123.01,94.94,28.07
8,Arizona,Pac-12,,8,28,6,82.7,71.5,11.18,,8.77,,17.85,2.09,19.95,119.27,92.03,27.24
9,Kansas,Big 12,,4,27,7,74.9,67.9,7,,12.79,,10.81,8.98,19.79,114.21,86.5,27.71
10,Purdue,Big Ten,,3,29,5,73.1,62.7,10.35,,9.04,,7.24,12.16,19.4,118.08,89.21,28.87
11,Saint Mary's (CA),WCC,,19,26,7,71.4,60.1,11.24,,7.1,,1.68,16.39,18.07,112.86,85.78,27.08
12,Baylor,Big 12,,11,22,10,77.2,70.3,6.91,,11.14,,12.43,5.62,18.05,119.63,94.53,25.1
13,Creighton,Big East,,,21,12,76.6,68.5,8.15,,9.51,,9.49,8.18,17.67,114.57,89.24,25.33
14,Marquette,Big East,,6,28,6,79.9,70.6,9.35,,7.91,,12.86,4.4,17.27,116.88,92.55,24.33
15,Arkansas,SEC,,,20,13,74.4,67.4,7.03,,9.58,,8.9,7.71,16.62,111.01,87.6,23.4
16,Iowa State,Big 12,,,19,13,68.4,62.8,5.69,,10.82,,1.63,14.87,16.51,108.31,84.91,23.4
17,West Virginia,Big 12,,,19,14,76.3,71,5.27,,11.23,,11.21,5.3,16.51,116.38,93.25,23.13
18,Xavier,Big East,,13,25,9,81.4,74.1,7.35,,9.05,,14.23,2.17,16.4,116.49,93.95,22.55
19,Kansas State,Big 12,,15,23,9,75.5,69,6.47,,9.82,,10.49,5.8,16.29,111.17,88.36,22.81
20,TCU,Big 12,,22,21,12,75.2,67.9,7.27,,8.96,,8.99,7.24,16.23,111.26,88.98,22.28
21,San Diego State,MWC,,18,27,6,72.1,63.6,8.45,,8.42,,4.62,11.33,15.95,111.11,87.67,23.44
22,Indiana,Big Ten,,21,22,11,75,68.5,6.58,,9.04,,9.07,6.55,15.62,113.89,91.59,22.3
23,Duke,ACC,,12,26,8,72.5,63.9,8.59,,7,,4.83,10.76,15.59,112.25,89.14,23.11
24,Illinois,Big Ten,,,20,12,74.7,67,7.69,,7.65,,9.02,6.32,15.34,110.63,89.42,21.21
25,Utah State,MWC,,,26,8,78.6,69.7,8.85,,7.26,,11.08,4.15,15.23,115.52,94.13,21.39
26,Kentucky,SEC,,,21,11,75.1,68,7.03,,8.18,,8.56,6.66,15.21,116.36,94.13,22.23
27,Maryland,Big Ten,,,21,12,70.4,63.2,7.21,,7.86,,4.46,10.62,15.08,113.58,90.83,22.75
28,Rutgers,Big Ten,,,19,14,67.9,60.3,7.55,,7.49,,0.91,14.13,15.04,105.09,83.56,21.53
29,Memphis,AAC,,24,26,8,79.8,71.9,7.85,,7.1,,12.46,2.5,14.96,111.73,90.76,20.97
30,Auburn,SEC,,,20,12,72.7,67.1,5.66,,9.28,,6.71,8.23,14.93,111.06,89.87,21.19
31,Texas A&M,SEC,,17,25,9,73.2,66.2,7.03,,7.77,,6.15,8.65,14.8,113.38,91.72,21.66
32,Iowa,Big Ten,,,19,13,80.2,74.4,5.81,,8.78,,15.43,-0.83,14.59,119.32,98.87,20.45
33,Michigan State,Big Ten,,,19,12,70.2,67.4,2.84,,11.2,,4.64,9.39,14.04,111.25,90.78,20.46
34,Southern California,Pac-12,,,22,10,72.8,67.3,5.53,,8.18,,7.71,6.01,13.71,111.18,92.02,19.16
35,Virginia,ACC,,14,25,7,67.8,60.3,7.56,,6.09,,-0.42,14.07,13.65,110.99,90.26,20.73
36,Boise State,MWC,,,24,9,72.2,64.3,7.91,,6.55,,4.03,9.56,13.58,108.6,89,19.61
37,Northwestern,Big Ten,,,21,11,67.7,62.5,5.19,,8.38,,1.55,12.02,13.57,106.87,87.67,19.2
38,Oregon,Pac-12,,,19,14,70.7,67.1,3.61,,9.93,,6.52,7.02,13.54,113.13,93.71,19.42
39,Oklahoma State,Big 12,,,18,15,68.5,66.1,2.36,,11.13,,3.6,9.9,13.5,106.23,86.97,19.26
40,Florida Atlantic,CUSA,,25,31,3,78.8,65,13.82,,0.5,,7.55,5.83,13.38,112.07,92.62,19.46
41,Ohio State,Big Ten,,,16,19,72.5,69,3.54,,9.69,,7.67,5.57,13.24,114.65,95.63,19.02
42,Texas Tech,Big 12,,,16,16,73.3,69,4.34,,8.74,,6.22,6.87,13.08,110.69,93.01,17.68
43,North Carolina,ACC,,,20,13,76.2,70.9,5.27,,7.74,,9.32,3.7,13.02,110.81,92.43,18.38
44,Providence,Big East,,,21,11,78.1,71.3,6.78,,6.08,,9.88,2.98,12.86,113.85,96.31,17.54
45,Penn State,Big Ten,,,22,13,72.3,68.4,3.91,,8.86,,7.22,5.55,12.77,115.69,97.2,18.49
46,NC State,ACC,,,23,10,78.2,70.8,7.39,,5.22,,9.61,3,12.61,112.28,94.95,17.33
47,Michigan,Big Ten,,,17,15,73.1,69.4,3.69,,8.91,,5.54,7.04,12.58,107.24,89.48,17.77
48,Miami (FL),ACC,,16,25,7,79.4,72.1,7.28,,5.14,,11.53,0.89,12.42,115.89,98.21,17.69
49,Missouri,SEC,,23,24,9,79.5,74.6,4.91,,7.27,,12.8,-0.61,12.18,117.69,100.57,17.11
50,Mississippi State,SEC,,,21,12,65.9,61,4.91,,7.13,,-1.59,13.63,12.04,104.94,87.34,17.61
51,Colorado,Pac-12,,,17,16,70,66.8,3.27,,8.71,,4.7,7.29,11.99,106.12,89.28,16.84
52,Cincinnati,AAC,,,21,12,77.2,69.2,8,,5.05,,7.69,4.28,11.96,111.04,94.44,16.6
53,Oklahoma,Big 12,,,15,17,67.7,67.5,0.13,,11.83,,3.37,8.59,11.96,110.07,92.55,17.52
54,New Mexico,MWC,,,22,11,81.2,74,7.21,,5.68,,13.22,-1.32,11.9,112.99,96.55,16.44
55,Florida,SEC,,,16,16,71.9,68.7,3.28,,8.54,,5.83,5.99,11.83,106.9,89.97,16.93
56,Utah,Pac-12,,,17,15,68.7,63.8,4.81,,6.91,,2.7,9.03,11.73,106.17,89.64,16.53
57,Washington State,Pac-12,,,17,16,68.2,65.3,2.91,,8.44,,2.38,8.98,11.35,111.29,94.75,16.54
58,Nevada,MWC,,,22,10,72.6,66.9,5.75,,6.81,,4.61,6.71,11.32,109.39,92.64,16.76
59,Central Florida,AAC,,,18,14,72.2,66,6.25,,5,,3.06,8.19,11.25,108.86,91.55,17.31
60,Clemson,ACC,,,23,10,75,67.9,7.15,,4.06,,6.32,4.89,11.21,109.88,93.82,16.06
61,Seton Hall,Big East,,,17,15,68.5,65.1,3.38,,8.38,,0.84,10.16,11,104.79,89.19,15.6
62,Arizona State,Pac-12,,,22,12,70.3,67.7,2.62,,8.36,,4.2,6.78,10.98,104.96,89.3,15.66
63,Villanova,Big East,,,17,15,70.3,67.8,2.56,,8.65,,2.65,8.12,10.77,108.76,92.4,16.36
64,Wisconsin,Big Ten,,,17,14,64.9,63.8,1.13,,9.51,,-0.74,11.38,10.64,105.5,90.09,15.41
65,Virginia Commonwealth,A-10,,,27,7,71.4,62.9,8.53,,1.62,,2.08,8.07,10.15,104.79,90.24,14.55
66,Stanford,Pac-12,,,14,19,70.3,68.4,1.97,,8.04,,5.08,4.93,10.01,112.85,98.7,14.15
67,Pittsburgh,ACC,,,22,11,76.1,70.5,5.64,,4.29,,6.84,3.1,9.93,112.45,98.22,14.22
68,Brigham Young,WCC,,,19,15,75.5,69.9,5.65,,5.83,,5.51,4.35,9.86,106.33,92.07,14.26
69,UAB,CUSA,,,25,10,81.5,71.5,10.06,,1.11,,11.21,-1.43,9.78,109.06,95.4,13.66
70,Oral Roberts,Summit,,,30,4,84.2,70.1,14.12,,-2.96,,10.17,-0.6,9.57,111.91,98.9,13.01
71,Virginia Tech,ACC,,,19,14,74.2,69.8,4.45,,5.1,,6.34,3.22,9.55,112.46,98.37,14.09
72,North Texas,CUSA,,,26,7,64.2,55.7,8.48,,1.6,,-6.12,15.59,9.47,107.76,92.23,15.53
73,Vanderbilt,SEC,,,20,14,72.5,72.1,0.41,,8.89,,6.9,2.4,9.3,112.98,99.87,13.11
74,Santa Clara,WCC,,,23,9,77.6,73.6,3.97,,5.48,,8.43,0.73,9.16,109.07,96.58,12.48
75,Dayton,A-10,,,22,12,68.6,61,7.62,,1.33,,-1.48,10.42,8.94,107.6,93.86,13.74
76,St. John's (NY),Big East,,,18,15,77.3,75.2,2.15,,6.41,,10.3,-1.74,8.56,106.14,94.31,11.83
77,College of Charleston,CAA,,,31,3,80.8,67.4,13.44,,-4.52,,8.26,0.18,8.45,106.87,95.63,11.24
78,Drake,MVC,,,27,7,75.3,63.9,11.41,,-1.13,,3.26,5.06,8.33,107.16,94.55,12.62
79,Liberty,A-Sun,,,26,8,75.2,60.6,14.53,,-2.66,,0.71,7.54,8.25,108.96,95.59,13.37
80,Wake Forest,ACC,,,19,14,76.6,73.8,2.82,,5.4,,8.55,-0.33,8.22,110.58,99.11,11.47
81,Kent State,MAC,,,28,6,76.6,65.7,10.91,,-1.31,,2.66,5.41,8.07,103.64,92.45,11.19
82,Iona,MAAC,,,27,7,76.4,65,11.38,,-3.44,,4.92,3.02,7.94,108.34,96.83,11.51
83,Sam Houston State,WAC,,,25,7,73.2,58.9,14.28,,0.75,,-2.06,9.95,7.9,103.79,92.08,11.71
84,Yale,Ivy,,,21,8,76.2,63,13.28,,-2.22,,2.17,5.73,7.89,106.96,95.26,11.7
85,Nevada-Las Vegas,MWC,,,19,13,74.3,70,4.22,,5.8,,5.98,1.84,7.83,106.12,95.22,10.9
86,Nebraska,Big Ten,,,16,16,68,69.9,-1.91,,9.29,,1.97,5.42,7.39,104.72,94.22,10.5
87,Marshall,Sun Belt,,,24,8,81.8,71.3,10.47,,-2.6,,9.67,-2.3,7.37,106.82,97.52,9.3
88,Bradley,MVC,,,25,9,70.9,62.2,8.74,,-0.61,,-0.39,7.75,7.36,105.57,94.47,11.11
89,Washington,Pac-12,,,16,16,69.2,70.3,-1.16,,8.4,,4.11,3.14,7.25,104.1,94.08,10.03
90,Utah Valley,WAC,,,25,8,77,68.2,8.79,,0.87,,4.37,2.87,7.24,103.74,93.87,9.88
91,Toledo,MAC,,,28,7,85.8,76.7,9.03,,-1.93,,10.01,-3.43,6.59,112.5,103.3,9.21
92,San Francisco,WCC,,,20,14,76.2,73.4,2.79,,4.16,,5.5,1.02,6.52,107.85,98.88,8.97
93,Saint Louis,A-10,,,21,12,75.5,71.2,4.39,,3.13,,6.66,-0.34,6.32,109.56,100.08,9.48
94,Mississippi,SEC,,,12,21,67.5,69.1,-1.58,,7.79,,0.9,5.32,6.22,104.69,96.21,8.48
95,Wichita State,AAC,,,17,15,71,68.5,2.53,,3.66,,1.24,4.95,6.2,104.3,95.56,8.75
96,Colorado State,MWC,,,15,18,72.5,71.4,1.09,,6.41,,4.59,1.6,6.19,110.46,101.74,8.72
97,San Jose State,MWC,,,20,13,67.5,66.6,0.88,,5.71,,-0.54,6.47,5.93,107.46,98.78,8.68
98,Butler,Big East,,,14,18,65.3,67.9,-2.69,,8.51,,-2.66,8.49,5.82,100.94,93.33,7.61
99,Tulane,AAC,,,20,11,79.9,77.2,2.77,,3.05,,10.77,-4.95,5.82,107.15,99.03,8.11
100,Indiana State,MVC,,,22,12,79.4,69.3,10.12,,-3.54,,7.22,-1.46,5.76,107.69,99.68,8.01
101,Loyola Marymount,WCC,,,19,12,75.3,73.1,2.26,,4.84,,3.98,1.53,5.51,107.3,99.21,8.09
102,Syracuse,ACC,,,17,15,74.1,72.9,1.22,,4.15,,4.57,0.8,5.37,107.49,100.17,7.33
103,James Madison,Sun Belt,,,22,11,80.5,68.1,12.48,,-2.13,,5.94,-0.8,5.14,104.12,97.63,6.49
104,Furman,Southern,,,27,7,82.1,71.2,10.88,,-3.91,,7.25,-2.15,5.1,111.05,103.78,7.27
105,UC Irvine,Big West,,,23,11,75.3,66.7,8.56,,-0.65,,3.6,1.47,5.07,104.55,97.46,7.09
106,Temple,AAC,,,16,16,69.6,70.2,-0.63,,5.58,,1.87,3.09,4.96,104.33,97.03,7.31
107,Hofstra,CAA,,,24,9,74.7,65.4,9.3,,-3.21,,2.8,2.09,4.89,105.74,98.25,7.49
108,Akron,MAC,,,22,11,74.6,66.9,7.7,,-1.23,,1.3,3.31,4.61,106.05,99.32,6.73
109,Grand Canyon,WAC,,,24,11,75.3,66.8,8.49,,0.98,,2.37,2.24,4.61,108.12,101.75,6.37
110,Southern Mississippi,Sun Belt,,,25,7,74.3,65.4,8.81,,-1.76,,2.17,2.07,4.24,103.71,97.68,6.03
111,Louisiana,Sun Belt,,,26,7,78,69.8,8.21,,-0.94,,5.39,-1.29,4.1,108.41,102.26,6.15
112,Duquesne,A-10,,,20,12,74.8,70.9,3.94,,0.12,,3.38,0.68,4.06,105.7,99.63,6.07
113,UC Santa Barbara,Big West,,,27,7,72.2,65.6,6.56,,-2.19,,0.68,3.19,3.87,107.42,101.67,5.76
114,Louisiana State,SEC,,,14,19,67.6,70.7,-3.12,,6.95,,0.18,3.64,3.83,104.84,100.03,4.82
115,South Alabama,Sun Belt,,,19,16,70.9,65.2,5.74,,-0.26,,-0.55,4.35,3.8,104.65,98.44,6.21
116,Southern Utah,WAC,,,22,12,82.7,74.4,8.32,,2.16,,9.25,-5.49,3.76,107.06,101.81,5.25
117,Charlotte,CUSA,,,18,14,66.7,62.8,3.97,,-0.37,,-4.45,8.05,3.6,106.54,100.94,5.61
118,Fresno State,MWC,,,11,20,63.7,65.7,-2,,5.7,,-4.02,7.22,3.2,101.25,97.02,4.23
119,Princeton,Ivy,,,21,8,76,68.6,7.45,,-2.97,,2.95,0.15,3.1,105.1,100.92,4.18
120,DePaul,Big East,,,10,23,71.2,77.3,-6.12,,9.05,,4.56,-1.63,2.93,104.21,99.79,4.42
121,Hawaii,Big West,,,22,11,66.9,61.8,5.12,,-1.76,,-4.43,7.19,2.77,99.24,94.9,4.34
122,Middle Tennessee,CUSA,,,19,14,70.1,67.8,2.33,,1.75,,0.11,2.51,2.62,102.94,99.01,3.93
123,Wyoming,MWC,,,9,22,69.2,72.1,-2.9,,6.69,,0.83,1.76,2.59,105.77,102.51,3.26
124,Air Force,MWC,,,14,18,66.9,67.1,-0.13,,2.68,,-2.64,5.2,2.56,104.66,101.21,3.45
125,Fordham,A-10,,,25,8,72,67.6,4.39,,-2.01,,1.24,1.15,2.38,100.1,96.86,3.24
126,Montana State,Big Sky,,,25,9,74.2,66.6,7.59,,-1.74,,-1.86,4.21,2.36,100.86,97.2,3.65
127,Belmont,MVC,,,21,11,76.5,71.8,4.63,,-1.52,,5.18,-2.9,2.29,107.57,104.19,3.38
128,Colgate,Patriot,,,26,8,78.6,69,9.62,,-6.7,,5.04,-2.83,2.21,109.28,105.86,3.43
129,Davidson,A-10,,,16,16,69.9,68.7,1.22,,1.68,,0.08,2.11,2.2,104.79,101.63,3.17
130,Cal State Fullerton,Big West,,,20,13,69.2,65.1,4.09,,0.19,,-1.61,3.8,2.19,100.7,97.41,3.28
131,Georgia,SEC,,,16,16,68.5,71.5,-3,,5.18,,0.45,1.72,2.18,101.89,98.76,3.12
132,South Florida,AAC,,,14,18,72,72,0,,2.16,,1.73,0.44,2.16,103.46,100.09,3.37
133,Georgia Tech,ACC,,,15,18,69.7,70.8,-1.03,,4.93,,-0.46,2.59,2.13,101.85,99.56,2.29
134,Portland,WCC,,,14,19,77.8,78.6,-0.85,,4.58,,6.48,-4.35,2.13,107.59,104.73,2.85
135,Notre Dame,ACC,,,11,21,69.6,72.1,-2.5,,4.6,,0.62,1.48,2.1,107.28,104.43,2.85
136,George Mason,A-10,,,20,13,68.7,67.3,1.45,,0.47,,-2.28,4.2,1.93,100.2,97.38,2.82
137,Vermont,AEC,,,23,10,73,66.6,6.42,,-3.71,,-0.57,2.3,1.73,105.53,102.35,3.17
138,UNC Greensboro,Southern,,,20,12,72.1,64.5,7.56,,-2.86,,-3.57,5.27,1.71,98.62,96.07,2.55
139,Youngstown State,Horizon,,,24,9,82.5,72.6,9.85,,-6.2,,6.68,-4.98,1.7,108.99,106.81,2.19
140,Southern Illinois,MVC,,,23,10,65.7,61.4,4.3,,-1.65,,-6.53,8.16,1.63,98.93,96.27,2.67
141,Troy,Sun Belt,,,20,13,73.2,66.8,6.36,,-1.01,,0.1,1.53,1.62,100.31,98.27,2.04
142,Richmond,A-10,,,15,18,68.9,67.8,1.09,,0.49,,-1.99,3.57,1.58,101.96,99.45,2.51
143,Ohio,MAC,,,19,14,78.8,73.1,5.73,,-2.29,,4.24,-2.78,1.47,106.74,104.61,2.13
144,Eastern Washington,Big Sky,,,22,10,77.1,71.4,5.69,,-2.16,,3.89,-2.63,1.26,106.67,104.74,1.92
145,Seattle,WAC,,,20,12,72,69,2.94,,0.9,,-0.74,1.87,1.14,98.7,96.99,1.71
146,UC Riverside,Big West,,,22,12,72.4,69.2,3.26,,0.08,,1.33,-0.19,1.14,102.95,101.48,1.48
147,Boston College,ACC,,,16,17,66.6,70.2,-3.64,,4.74,,-1.82,2.92,1.11,100.48,99.12,1.36
148,Stephen F. Austin,WAC,,,19,13,75.8,69.9,5.91,,-0.5,,2.77,-1.86,0.91,102.03,100.3,1.73
149,Missouri State,MVC,,,17,15,65.6,63.2,2.41,,-0.53,,-5.38,6.21,0.82,101.2,100.19,1.01
150,Pennsylvania,Ivy,,,17,13,75,72,2.97,,-1.3,,2.85,-2.18,0.67,104.9,103.56,1.34
151,Samford,Southern,,,21,11,78.7,71.6,7.16,,-4.2,,3.5,-2.84,0.66,105,104,1
152,Massachusetts-Lowell,AEC,,,26,8,78,66,12.06,,-8.63,,2.19,-1.67,0.53,103.3,102.67,0.64
153,Oregon State,Pac-12,,,11,21,61.2,67,-5.78,,6.98,,-6.27,6.73,0.46,98.86,99.03,-0.17
154,California Baptist,WAC,,,17,16,69.4,65.3,4.09,,-0.46,,-4.64,5.08,0.44,100.02,99.23,0.78
155,Pepperdine,WCC,,,9,22,78,81.3,-3.32,,5.2,,6.71,-6.34,0.37,102.93,102.08,0.85
156,Cornell,Ivy,,,17,11,81.7,76,5.64,,-2.7,,8.36,-8.02,0.34,107.57,107.55,0.02
157,Kennesaw State,A-Sun,,,26,8,75.3,68.9,6.35,,-2.57,,1.21,-0.88,0.33,100.73,100.4,0.32
158,Southern Methodist,AAC,,,10,22,70.3,75.6,-5.31,,5.61,,2.09,-1.79,0.3,100.66,99.94,0.72
159,Towson,CAA,,,21,12,71.8,66.7,5.03,,-4.75,,-1.21,1.5,0.28,103.71,102.8,0.91
160,Utah Tech,WAC,,,14,19,75.6,73.3,2.27,,1.29,,2.86,-2.74,0.12,104.46,104.36,0.1
161,UC Davis,Big West,,,18,14,74.8,71.1,3.69,,-1.34,,2.96,-2.86,0.1,100.85,100.52,0.33
162,East Carolina,AAC,,,16,17,68.8,70.5,-1.7,,1.73,,-1.59,1.62,0.04,100.05,99.87,0.18
163,Minnesota,Big Ten,,,9,22,62.9,71,-8.16,,8.18,,-2.14,2.16,0.02,100.26,100.67,-0.41
164,Pacific,WCC,,,15,18,75.8,77.7,-1.91,,2.54,,4.83,-4.9,-0.07,104.35,104.53,-0.17
165,Old Dominion,Sun Belt,,,19,12,66.9,66.2,0.68,,-0.45,,-3.72,3.51,-0.21,99.09,99.83,-0.74
166,Saint Joseph's,A-10,,,16,17,72.4,72.4,-0.03,,-0.2,,1.96,-2.19,-0.24,101.61,102.17,-0.57
167,Long Beach State,Big West,,,17,16,76.5,74.4,2.09,,-0.09,,7.25,-7.49,-0.25,101.44,101.95,-0.51
168,Louisiana Tech,CUSA,,,15,18,72.2,70.3,1.91,,1.55,,0.48,-0.73,-0.25,101.89,102.46,-0.57
169,Florida State,ACC,,,9,23,69.3,76.2,-6.88,,6.53,,1.89,-2.24,-0.34,102.88,103.41,-0.53
170,Tarleton State,WAC,,,17,16,72,67.8,4.24,,2.03,,-2.7,2.25,-0.45,99.12,100.1,-0.97
171,Ball State,MAC,,,20,12,76.4,71.6,4.78,,-3.06,,1.78,-2.53,-0.76,104.48,105.21,-0.72
172,Harvard,Ivy,,,14,14,68.4,66.4,2,,-2.15,,-4.57,3.72,-0.85,97.79,98.86,-1.08
173,Montana,Big Sky,,,17,14,69.3,68.2,1.06,,-1.55,,-2.31,1.46,-0.85,104.15,105.59,-1.43
174,Northern Kentucky,Horizon,,,22,12,68.2,63.6,4.68,,-3.45,,-6.69,5.71,-0.98,99.79,100.78,-1
175,UTEP,CUSA,,,14,18,68.5,68.5,0,,1.52,,-3.4,2.36,-1.04,95.94,97.3,-1.36
176,St. Bonaventure,A-10,,,14,18,66.8,67.7,-0.91,,-0.2,,-4.36,3.25,-1.11,98.29,99.79,-1.5
177,Georgetown,Big East,,,7,25,69.5,78.1,-8.59,,7.48,,2.06,-3.18,-1.12,101.78,103.36,-1.57
178,Western Kentucky,CUSA,,,17,16,71.4,70.6,0.76,,0.74,,-0.91,-0.26,-1.17,100.25,102.03,-1.78
179,UNC Wilmington,CAA,,,24,10,68.9,64.3,4.59,,-3.08,,-4.17,2.96,-1.2,98.88,100.41,-1.53
180,Massachusetts,A-10,,,15,16,69.8,71.4,-1.65,,0.41,,0.39,-1.62,-1.24,97.12,99.11,-2
181,Appalachian State,Sun Belt,,,16,16,70.3,64.6,5.66,,-0.78,,-5.23,3.93,-1.3,97.58,99.63,-2.05
182,New Mexico State,WAC,,,9,15,73.7,71.7,2.04,,2.7,,1.51,-2.81,-1.3,102.71,104.58,-1.87
183,South Dakota State,Summit,,,19,13,70.9,69.8,1.16,,-1.62,,-1.8,0.45,-1.36,100.28,102,-1.72
184,UNC Asheville,Big South,,,27,7,75,68.6,6.44,,-5.19,,0.01,-1.48,-1.47,99.24,101.48,-2.24
185,San Diego,WCC,,,11,20,77.1,80.5,-3.35,,3.73,,5.9,-7.51,-1.61,107.94,110.11,-2.17
186,George Washington,A-10,,,16,16,76.3,76.7,-0.44,,-0.43,,5.79,-7.54,-1.75,106.59,108.74,-2.16
187,Longwood,Big South,,,20,12,73.2,66.2,6.94,,-6.4,,-3.25,1.45,-1.8,100.26,102.58,-2.33
188,Lipscomb,A-Sun,,,20,13,76.4,71,5.39,,-3.93,,1.78,-3.65,-1.86,100.34,103.15,-2.81
189,South Carolina,SEC,,,11,21,64.3,72.6,-8.28,,6.4,,-3.35,1.46,-1.89,100.92,104.14,-3.22
190,Cleveland State,Horizon,,,21,13,71.7,68.1,3.62,,-4.96,,-2.28,0.35,-1.93,100.32,103.19,-2.86
191,Texas State,Sun Belt,,,16,19,66,66.7,-0.71,,-0.46,,-5.14,3.06,-2.08,100.41,103.65,-3.25
192,Wright State,Horizon,,,18,15,79.9,73.7,6.21,,-5.68,,4.29,-6.41,-2.13,100.5,103.67,-3.17
193,Chattanooga,Southern,,,18,17,77.2,72.1,5.11,,-3.19,,2.02,-4.22,-2.19,103.75,106.85,-3.1
194,Northern Iowa,MVC,,,14,18,70.1,69.9,0.19,,-0.59,,-1.17,-1.04,-2.2,100.32,103.47,-3.15
195,Drexel,CAA,,,17,15,66.7,62.4,4.31,,-5.43,,-6.39,4.12,-2.27,97.21,100.02,-2.81
196,Texas A&M-Corpus Christi,Southland,,,23,10,80.4,72.5,7.85,,-7.7,,2.37,-4.72,-2.35,102.4,105.41,-3.02
197,Quinnipiac,MAAC,,,20,12,73,69.7,3.25,,-5.19,,1.2,-3.61,-2.41,100.12,103.65,-3.54
198,Eastern Kentucky,A-Sun,,,20,13,77.4,72.1,5.24,,-2.08,,0.25,-2.69,-2.44,97.95,101.14,-3.19
199,Radford,Big South,,,19,14,69.7,64.9,4.82,,-4.48,,-4.73,2.28,-2.45,100.33,103.83,-3.49
200,Florida Gulf Coast,A-Sun,,,17,15,71.3,69.4,1.81,,-2.98,,-1.87,-0.66,-2.53,100.19,103.91,-3.72
201,Stetson,A-Sun,,,17,13,76.6,73.3,3.27,,-2.53,,2.27,-4.8,-2.53,107.79,111.3,-3.51
202,Abilene Christian,WAC,,,13,17,75,71.1,3.87,,1.13,,1.34,-3.9,-2.56,101.58,104.93,-3.35
203,Weber State,Big Sky,,,18,15,67.2,67.5,-0.3,,-1.04,,-5.38,2.73,-2.65,96.35,100.39,-4.05
204,La Salle,A-10,,,15,19,69.8,72.6,-2.76,,0.1,,-0.55,-2.11,-2.66,100.02,103.92,-3.9
205,Buffalo,MAC,,,15,17,77.5,77.7,-0.13,,0.96,,3.88,-6.55,-2.68,99.74,102.59,-2.85
206,Brown,Ivy,,,14,13,69.6,69.3,0.22,,-2.92,,-2.5,-0.2,-2.7,96.08,99.68,-3.6
207,St. Thomas,Summit,,,19,14,74.2,70.2,3.97,,-4.27,,-0.33,-2.39,-2.72,104.12,107.7,-3.58
208,Rice,CUSA,,,18,15,76.7,76.4,0.27,,0.95,,4.53,-7.28,-2.75,104.08,107.93,-3.85
209,North Carolina Central,MEAC,,,18,12,75.6,65.9,9.7,,-5.97,,-2.59,-0.2,-2.78,96.59,100.41,-3.82
210,Navy,Patriot,,,18,13,69.4,64.9,4.48,,-6.17,,-4.73,1.89,-2.83,98.87,102.72,-3.85
211,California,Pac-12,,,3,29,58.3,70.1,-11.78,,8.85,,-7.46,4.53,-2.93,95.69,101.22,-5.53
212,Detroit Mercy,Horizon,,,14,19,76.6,75.3,1.24,,-3.44,,3.08,-6.11,-3.03,106.19,110.68,-4.49
213,Florida International,CUSA,,,14,18,73.1,75.1,-2.03,,-0.03,,1.4,-4.47,-3.06,99.09,102.91,-3.82
214,Georgia Southern,Sun Belt,,,17,16,68.4,66.7,1.7,,-1.82,,-4.82,1.77,-3.06,96.39,100.76,-4.37
215,Siena,MAAC,,,17,15,68.6,67.2,1.38,,-4.76,,-2.84,-0.55,-3.39,98.16,102.86,-4.7
216,Rider,MAAC,,,16,14,70.2,67.6,2.6,,-4.83,,-2.08,-1.34,-3.41,102.06,106.88,-4.81
217,Norfolk State,MEAC,,,22,11,75.8,68.6,7.18,,-6.37,,-1.3,-2.18,-3.47,103.44,108.26,-4.82
218,Grambling,SWAC,,,24,9,69,62.2,6.73,,-8.1,,-6.62,2.97,-3.65,93.76,98.44,-4.68
219,Bryant,AEC,,,17,13,79.4,73.1,6.27,,-4.59,,3.7,-7.36,-3.66,100.53,105.73,-5.2
220,Northern Arizona,Big Sky,,,12,23,73.7,74.7,-0.97,,-0.05,,0.95,-4.66,-3.72,102.9,108.02,-5.12
221,Gardner-Webb,Big South,,,15,16,70.7,65.5,5.16,,-4.61,,-5.78,1.96,-3.82,94.27,99.53,-5.26
222,Rhode Island,A-10,,,9,22,66,70.6,-4.65,,0.65,,-4.34,0.34,-4,94.77,100.25,-5.48
223,Murray State,MVC,,,17,15,70.4,72,-1.59,,-1.17,,-0.61,-3.39,-4.01,101.39,107.78,-6.39
224,North Dakota State,Summit,,,16,17,72.8,73.2,-0.3,,-1.6,,-1.07,-2.98,-4.05,100.15,105.68,-5.53
225,Queens (NC),A-Sun,,,18,15,77.7,74.6,3.06,,-4.32,,2.57,-6.78,-4.22,102.78,109.1,-6.32
226,Northern Colorado,Big Sky,,,12,20,73.6,77.5,-3.91,,-0.28,,3.12,-7.4,-4.28,102.36,108.43,-6.08
227,Sacramento State,Big Sky,,,14,18,66.1,67.8,-1.72,,-1.29,,-5.93,1.6,-4.33,99.46,106.11,-6.65
228,Northwestern State,Southland,,,22,11,74.6,72.1,2.58,,-6.66,,-1.39,-2.96,-4.35,100.3,106.33,-6.02
229,Loyola (IL),A-10,,,10,21,67.4,72.5,-5.1,,0.61,,-3.01,-1.48,-4.49,98.64,104.95,-6.31
230,Milwaukee,Horizon,,,21,11,78.3,73.8,4.5,,-4,,2.6,-7.12,-4.52,98.36,104.76,-6.39
231,Howard,MEAC,,,22,12,75.5,71.9,3.53,,-5.77,,-1.03,-3.74,-4.77,97.51,104.42,-6.91
232,UT Arlington,WAC,,,11,21,66.4,68.4,-2.03,,2.32,,-5.79,1.01,-4.79,96.39,103.78,-7.39
233,Portland State,Big Sky,,,12,19,76.2,75.5,0.74,,-0.26,,3.06,-7.9,-4.84,98.97,105.48,-6.51
234,Wofford,Southern,,,17,16,74.7,72.5,2.24,,-3.15,,0.01,-4.86,-4.85,104.36,111.54,-7.19
235,Mercer,Southern,,,14,19,68.7,67,1.73,,-3.88,,-6.83,1.81,-5.01,95.68,102.94,-7.26
236,Purdue-Fort Wayne,Horizon,,,17,15,73.9,69.8,4.06,,-4.71,,-2.5,-2.71,-5.21,95.95,103.98,-8.04
237,Campbell,Big South,,,16,18,69.8,68.5,1.32,,-4.88,,-3.56,-1.66,-5.23,99.88,107.6,-7.72
238,Louisville,ACC,,,4,28,63.9,75.8,-11.84,,6.48,,-3.6,-1.77,-5.36,98.79,107.13,-8.35
239,Delaware,CAA,,,17,16,69.6,70.7,-1.06,,-3.75,,-2.77,-2.83,-5.6,98.44,106.04,-7.6
240,Robert Morris,Horizon,,,16,17,69.3,66.8,2.48,,-5.36,,-6.49,0.88,-5.62,94.72,102.96,-8.24
241,East Tennessee State,Southern,,,12,20,69.1,69,0.09,,-4.32,,-5.42,-0.46,-5.88,97.01,105.62,-8.62
242,Northern Illinois,MAC,,,13,19,72,75,-3.03,,-2.26,,-2.18,-3.98,-6.16,95.79,104.23,-8.43
243,Jacksonville,A-Sun,,,13,16,63.3,62.6,0.72,,-2.53,,-11.74,5.55,-6.19,95.06,104.4,-9.34
244,Texas-Rio Grande Valley,WAC,,,15,17,78.7,78.2,0.5,,-0.28,,3.97,-10.18,-6.21,99.19,107.58,-8.38
245,Western Carolina,Southern,,,18,15,74.5,70.9,3.55,,-4.18,,-1.81,-4.41,-6.22,97.3,106.02,-8.73
246,Idaho State,Big Sky,,,11,21,69.2,71,-1.84,,-2.68,,-4.19,-2.09,-6.28,98.08,107.12,-9.04
247,Maryland-Baltimore County,AEC,,,18,14,74.3,72.8,1.56,,-7.04,,-0.3,-6,-6.3,101.77,110.9,-9.13
248,SIU Edwardsville,OVC,,,19,14,74.6,71.3,3.33,,-7.36,,-2.9,-3.4,-6.3,95.77,104.41,-8.64
249,UC San Diego,Big West,,,10,20,68.6,73,-4.4,,-0.33,,-2.95,-3.56,-6.51,97.12,107.2,-10.08
250,Jacksonville State,A-Sun,,,13,18,69.9,70.3,-0.39,,-2.46,,-5.27,-1.26,-6.53,96.5,106.23,-9.73
251,North Florida,A-Sun,,,14,17,76.2,77.6,-1.35,,-2.37,,2.57,-9.14,-6.58,102.79,112.16,-9.37
252,Winthrop,Big South,,,15,17,73.8,74.4,-0.69,,-3.55,,0.54,-7.12,-6.58,103.37,112.94,-9.58
253,Georgia State,Sun Belt,,,10,21,66.7,69.4,-2.65,,-0.74,,-5.61,-0.99,-6.6,94.36,103.91,-9.55
254,Niagara,MAAC,,,16,15,65,65.9,-0.9,,-4.49,,-8.31,1.62,-6.69,97.5,107.55,-10.05
255,Fairfield,MAAC,,,13,18,64.9,66,-1.06,,-4.46,,-7.14,0.21,-6.93,95.01,105.38,-10.36
256,Canisius,MAAC,,,10,20,70.4,72.3,-1.93,,-3.36,,-2.12,-4.82,-6.94,97.28,106.93,-9.65
257,Illinois State,MVC,,,11,21,66.5,70.5,-4,,-2.94,,-5.45,-1.49,-6.94,96.58,106.45,-9.87
258,Miami (OH),MAC,,,12,20,73.7,74.5,-0.88,,-2.01,,-1.84,-5.2,-7.04,100.76,110.46,-9.7
259,Cal Poly,Big West,,,8,25,60.8,65.9,-5.09,,-0.09,,-10.98,3.92,-7.06,90.52,101.68,-11.17
260,North Dakota,Summit,,,13,20,72.1,73.9,-1.76,,-2.62,,-1.99,-5.15,-7.14,99.37,109.88,-10.51
261,Western Illinois,Summit,,,16,14,73,72.4,0.67,,-4.3,,-3.27,-3.88,-7.15,98.46,109.22,-10.77
262,Southeast Missouri State,OVC,,,19,16,77.7,76,1.69,,-6.72,,2.28,-9.48,-7.2,96.79,106.67,-9.89
263,Army,Patriot,,,17,16,73.1,70.4,2.73,,-7.73,,-1.33,-5.95,-7.28,99.04,109.14,-10.1
264,Bellarmine,A-Sun,,,15,18,66.3,67.2,-0.88,,-1.28,,-8.2,0.86,-7.34,97.88,109.34,-11.45
265,Maryland-Eastern Shore,MEAC,,,18,13,69.7,66.3,3.48,,-5.38,,-6.91,-0.62,-7.53,90.91,101.75,-10.83
266,Morehead State,OVC,,,21,11,70.2,66.4,3.81,,-5.93,,-9.31,1.7,-7.61,95.34,105.61,-10.27
267,South Carolina Upstate,Big South,,,16,15,68.9,69.6,-0.71,,-4.06,,-5.23,-2.41,-7.64,94.48,105.93,-11.45
268,Southeastern Louisiana,Southland,,,18,14,77.6,76,1.59,,-6.41,,0.39,-8.07,-7.68,98.85,109.16,-10.31
269,Arkansas State,Sun Belt,,,13,20,65.7,67.6,-1.91,,-3.03,,-8.47,0.68,-7.79,96.61,108.23,-11.62
270,Oakland,Horizon,,,13,19,73.3,76.3,-2.97,,-2.62,,0.25,-8.03,-7.79,100,110.93,-10.93
271,Cal State Bakersfield,Big West,,,11,22,60.5,64.7,-4.21,,-1.04,,-11.09,3.18,-7.91,90.81,102.85,-12.03
272,Lafayette,Patriot,,,11,23,62.4,65.6,-3.29,,-4.71,,-11.07,3.07,-8,91.09,103.03,-11.94
273,Mount St. Mary's,MAAC,,,13,20,63.7,67,-3.36,,-3.89,,-7.86,-0.18,-8.04,92.28,104.01,-11.73
274,UTSA,CUSA,,,10,22,69.3,76.6,-7.28,,0.86,,-0.83,-7.21,-8.04,98.22,109.16,-10.93
275,Tulsa,AAC,,,5,25,65.3,77.4,-12.13,,4.06,,-3.12,-4.95,-8.07,96.51,108.64,-12.12
276,Bowling Green State,MAC,,,11,20,76,78.5,-2.55,,-3.44,,0.16,-8.26,-8.1,98.4,109.57,-11.17
277,Nicholls State,Southland,,,16,15,75.6,72.7,2.94,,-5.03,,-2.55,-5.56,-8.11,93.96,104.63,-10.66
278,Dartmouth,Ivy,,,10,18,71.4,72.4,-1.04,,-2.7,,-3.35,-4.81,-8.16,93.78,105.14,-11.37
279,Southern,SWAC,,,15,17,71.9,71.3,0.63,,-6.14,,-3.66,-4.55,-8.21,92.37,103.78,-11.42
280,Boston University,Patriot,,,15,17,67.1,67.2,-0.13,,-6.64,,-7.06,-1.16,-8.22,93.62,105.53,-11.91
281,North Alabama,A-Sun,,,18,14,74.9,74.4,0.5,,-4.11,,-0.19,-8.03,-8.22,98.93,110.24,-11.31
282,Southern Indiana,OVC,,,16,16,76.5,74.1,2.44,,-7.34,,0.3,-8.57,-8.27,98.26,109.89,-11.63
283,Valparaiso,MVC,,,11,21,68.9,73.6,-4.66,,-2.3,,-3.75,-4.52,-8.27,94.22,105.92,-11.7
284,American,Patriot,,,17,15,65.4,65.9,-0.53,,-7.78,,-8.27,-0.04,-8.31,96.42,108.47,-12.05
285,Louisiana-Monroe,Sun Belt,,,11,21,67.4,69.8,-2.44,,-0.27,,-6.57,-1.77,-8.34,93.15,105.21,-12.06
286,Idaho,Big Sky,,,10,22,73,72.9,0.09,,-3.57,,-3.33,-5.07,-8.41,98.98,111.82,-12.85
287,Alcorn State,SWAC,,,18,13,68.1,70.6,-2.52,,-5.92,,-3.76,-4.68,-8.44,96.18,107.83,-11.66
288,Illinois-Chicago,MVC,,,12,20,67.2,71.6,-4.47,,-2.74,,-3.91,-4.54,-8.45,92.83,105.01,-12.18
289,Marist,MAAC,,,13,20,63.9,66.7,-2.76,,-5.69,,-8.22,-0.24,-8.45,93.51,105.8,-12.29
290,Tennessee-Martin,OVC,,,19,14,80.5,75.4,5.12,,-7.74,,0.72,-9.22,-8.5,96.24,108.2,-11.96
291,Coastal Carolina,Sun Belt,,,11,20,73.3,74,-0.68,,-1.55,,-0.92,-7.81,-8.72,99.47,111.96,-12.5
292,Prairie View,SWAC,,,13,20,67.5,68.4,-0.91,,-6.49,,-7.78,-1.03,-8.81,87.03,99.08,-12.05
293,Tennessee State,OVC,,,18,14,78.1,75,3.06,,-8.75,,-1.05,-7.78,-8.82,96.34,109.06,-12.72
294,Maine,AEC,,,13,17,68.5,69.7,-1.23,,-4.71,,-6.1,-2.82,-8.92,94.85,107.97,-13.13
295,New Hampshire,AEC,,,15,15,66.4,67,-0.63,,-5.76,,-9.93,0.81,-9.11,92.56,105.65,-13.09
296,Denver,Summit,,,15,17,72.7,75.1,-2.41,,-5.45,,-1.93,-7.19,-9.12,96.01,109.29,-13.28
297,Lehigh,Patriot,,,16,14,69.8,69.4,0.4,,-6.13,,-4.69,-4.47,-9.16,92.08,105.38,-13.29
298,Tennessee Tech,OVC,,,16,17,73.7,73.4,0.33,,-6.19,,-3.26,-5.97,-9.22,96.99,109.91,-12.92
299,Kansas City,Summit,,,11,21,64.4,68.7,-4.34,,-2.8,,-10.14,0.84,-9.3,91.22,104.89,-13.67
300,Charleston Southern,Big South,,,10,21,72.6,74.4,-1.74,,-4.43,,-2.42,-6.98,-9.4,100.49,114.54,-14.05
301,South Dakota,Summit,,,12,19,69.3,73.6,-4.29,,-2.88,,-4.42,-5.02,-9.43,97.75,111.59,-13.84
302,Texas Southern,SWAC,,,14,20,69.4,71.6,-2.15,,-4.53,,-4.25,-5.24,-9.5,91.24,104.42,-13.18
303,High Point,Big South,,,14,17,74.6,77.2,-2.58,,-5.19,,-0.67,-9.18,-9.84,95.25,109.06,-13.82
304,Manhattan,MAAC,,,12,18,67.2,70.4,-3.2,,-4.98,,-5.54,-4.37,-9.91,93.36,107.48,-14.12
305,Saint Peter's,MAAC,,,14,18,62.1,65.1,-3.03,,-5.29,,-11.06,1.13,-9.93,91.88,107.03,-15.15
306,Cal State Northridge,Big West,,,7,25,63.4,68.6,-5.19,,-1.28,,-9.21,-0.75,-9.95,91.72,106.76,-15.05
307,Bucknell,Patriot,,,12,20,67.5,68.5,-0.97,,-7,,-5.99,-3.98,-9.97,94.1,108.46,-14.36
308,Western Michigan,MAC,,,8,23,69.9,74,-4.16,,-1.97,,-4.02,-6.16,-10.18,98.73,113.93,-15.2
309,Northeastern,CAA,,,10,20,65.3,71.7,-6.37,,-4,,-6.63,-3.73,-10.37,92.57,107.59,-15.02
310,Omaha,Summit,,,9,23,68.5,76.2,-7.69,,-1.41,,-3.78,-6.6,-10.38,95.92,111.05,-15.13
311,Alabama A&M,SWAC,,,15,18,69.6,70.9,-1.3,,-7.33,,-6,-4.4,-10.4,92.09,106.44,-14.35
312,Binghamton,AEC,,,13,18,68.8,71.5,-2.71,,-5.56,,-6.13,-4.35,-10.49,93.69,109.11,-15.42
313,Eastern Michigan,MAC,,,8,23,72.2,80.8,-8.58,,-1.54,,-0.55,-10.15,-10.7,97.41,112.12,-14.71
314,Texas A&M-Commerce,Southland,,,13,19,71.8,73.6,-1.75,,-7.21,,-5.03,-5.74,-10.77,95.88,111.01,-15.12
315,Jackson State,SWAC,,,14,19,67.6,73.6,-5.97,,-4.96,,-4.93,-6,-10.93,93.58,108.74,-15.16
316,Chicago State,Ind,,,11,20,70.3,73,-2.71,,-3.17,,-6.3,-4.65,-10.95,96.99,112.77,-15.77
317,William & Mary,CAA,,,13,20,67.2,70.3,-3.06,,-4.19,,-6.97,-4.02,-10.99,95.53,111.64,-16.11
318,North Carolina A&T,CAA,,,13,19,70.8,73.8,-3.06,,-3.8,,-3.03,-8.22,-11.24,93.52,109.49,-15.97
319,Fairleigh Dickinson,NEC,,,19,15,77.8,74.9,2.91,,-11.72,,1.18,-12.59,-11.41,100.53,116.74,-16.22
320,Morgan State,MEAC,,,15,16,74.9,72.3,2.61,,-5.99,,-5.08,-6.39,-11.47,88.54,104.07,-15.53
321,Merrimack,NEC,,,18,16,62.6,62.3,0.26,,-9.51,,-13.73,2.16,-11.57,84.31,100.87,-16.56
322,Central Michigan,MAC,,,10,21,65.7,73,-7.26,,-2.26,,-8.69,-2.91,-11.6,88.53,105.36,-16.83
323,The Citadel,Southern,,,10,22,67.4,74.2,-6.75,,-3.63,,-6.74,-5.25,-11.98,93.3,110.54,-17.24
324,Austin Peay,A-Sun,,,9,22,66.7,72.3,-5.61,,-2.47,,-9.45,-2.6,-12.04,92.52,109.96,-17.44
325,Loyola (MD),Patriot,,,13,20,67.3,70.6,-3.3,,-6.16,,-7.53,-4.53,-12.06,93.71,111.85,-18.15
326,Wagner,NEC,,,15,13,63.1,61.7,1.39,,-11.28,,-14.5,2.26,-12.24,88.08,105.17,-17.09
327,Little Rock,OVC,,,10,21,75.4,79.4,-4,,-6.73,,0.09,-12.48,-12.39,97.2,114.39,-17.19
328,Stony Brook,CAA,,,11,22,63.1,69.1,-5.94,,-4.12,,-11.21,-1.23,-12.44,90.58,108.94,-18.36
329,Arkansas-Pine Bluff,SWAC,,,10,21,66.9,69.7,-2.84,,-4.89,,-6.62,-5.9,-12.52,88.63,106.51,-17.88
330,NJIT,AEC,,,7,23,66.9,72.7,-5.8,,-5.71,,-6.83,-5.84,-12.67,92.4,111.16,-18.76
331,Elon,CAA,,,8,24,65.4,71.6,-6.16,,-4.32,,-8.26,-4.53,-12.79,92.58,111.05,-18.47
332,Sacred Heart,NEC,,,16,17,70.7,71.2,-0.58,,-11.32,,-4.77,-8.42,-13.19,90.93,109.46,-18.54
333,McNeese State,Southland,,,11,23,69.2,75.4,-6.26,,-5.07,,-6.73,-6.49,-13.22,94.22,113.11,-18.89
334,Stonehill,NEC,,,14,17,67,69.6,-2.61,,-8.98,,-8.56,-4.69,-13.25,89.66,108.59,-18.93
335,Central Arkansas,A-Sun,,,9,22,72.9,81.5,-8.58,,-3.02,,-0.66,-12.93,-13.59,92.88,111.45,-18.57
336,Presbyterian,Big South,,,5,27,63.2,69.5,-6.31,,-5.06,,-11.38,-2.21,-13.59,89.45,110.06,-20.61
337,Eastern Illinois,OVC,,,9,22,68.8,72.1,-3.26,,-6.5,,-8.9,-4.95,-13.84,89.18,108.96,-19.78
338,New Orleans,Southland,,,12,20,73.1,79.3,-6.13,,-7,,-2.42,-11.45,-13.87,93.23,112.31,-19.08
339,Saint Francis (PA),NEC,,,13,18,73,73.7,-0.74,,-9.78,,-3.57,-10.35,-13.92,95.58,115.99,-20.42
340,Central Connecticut State,NEC,,,10,22,66,70.2,-4.19,,-9.87,,-9.23,-4.83,-14.06,91.79,112.15,-20.36
341,Holy Cross,Patriot,,,10,22,66.8,72.6,-5.88,,-6.48,,-7.44,-6.91,-14.35,88.92,109.48,-20.55
342,Albany (NY),AEC,,,8,23,67.3,75.2,-7.94,,-4.55,,-6.27,-8.11,-14.38,93.17,114.3,-21.13
343,Lindenwood,OVC,,,11,21,69.6,73.8,-4.25,,-6.11,,-7.64,-6.91,-14.56,90.19,110.64,-20.45
344,Coppin State,MEAC,,,9,23,72,83.2,-11.16,,-3.46,,-0.47,-14.15,-14.62,94.12,114.01,-19.89
345,Columbia,Ivy,,,7,22,67.8,75.8,-7.97,,-2.67,,-6.68,-7.99,-14.67,88.73,108.93,-20.21
346,Evansville,MVC,,,5,27,62.4,76,-13.59,,-1.12,,-8.49,-6.22,-14.71,87.04,107.67,-20.63
347,Incarnate Word,Southland,,,12,19,70.8,73.9,-3.1,,-7.96,,-8.03,-6.71,-14.74,90.8,111.52,-20.72
348,Hampton,CAA,,,8,24,68.2,77.5,-9.31,,-4.57,,-5.33,-9.78,-15.11,92.19,113.34,-21.16
349,Monmouth,CAA,,,7,26,61.7,74.7,-13.03,,-2.63,,-9.56,-6.1,-15.66,87.18,110.31,-23.13
350,Alabama State,SWAC,,,8,23,63.3,72.6,-9.32,,-5.94,,-11,-4.98,-15.97,87.09,109.35,-22.25
351,VMI,Southern,,,7,25,69.4,76.8,-7.41,,-3.45,,-6.54,-9.61,-16.14,93.13,116.82,-23.69
352,Bethune-Cookman,SWAC,,,13,20,67.6,74.5,-6.88,,-7.5,,-7.04,-9.43,-16.47,86.94,109.76,-22.82
353,South Carolina State,MEAC,,,5,26,73.4,83.8,-10.48,,-3.97,,-1.58,-14.99,-16.57,92.84,114.73,-21.9
354,Houston Christian,Southland,,,10,22,77.6,83.1,-5.5,,-6.63,,-1.37,-15.5,-16.87,95.68,118.62,-22.95
355,Lamar,Southland,,,9,22,67.9,74.5,-6.68,,-7.26,,-9.82,-7.2,-17.01,89.62,113.53,-23.91
356,St. Francis (NY),NEC,,,14,16,64.9,67.8,-2.93,,-11.7,,-13.04,-3.98,-17.02,84.66,109.46,-24.8
357,Florida A&M,SWAC,,,7,22,58.6,70,-11.38,,-4.63,,-14.21,-3.23,-17.44,84.73,110.25,-25.53
358,Delaware State,MEAC,,,6,24,64.6,75.5,-10.87,,-4.96,,-10.09,-7.62,-17.71,87.22,112.02,-24.79
359,Mississippi Valley State,SWAC,,,5,27,61,74.8,-13.72,,-4.12,,-11.21,-6.63,-17.84,85.64,111.09,-25.45
360,IUPUI,Horizon,,,5,27,65.3,76.8,-11.47,,-5.29,,-8.78,-9.94,-18.73,89.79,116.89,-27.1
361,Green Bay,Horizon,,,3,29,59.3,76.5,-17.16,,-2.96,,-13.81,-6.31,-20.12,84.93,114.86,-29.92
362,Hartford,Ind,,,5,23,62.8,71.1,-8.36,,-8.19,,-14.8,-8.55,-23.35,82.82,117.17,-34.35
363,Long Island University,NEC,,,3,26,66.7,80,-13.24,,-7.06,,-9.47,-15.44,-24.91,81.67,115.41,-33.74
