,,,,,,,,,,,,,,,,,,
,,SRS,,,Adjusted,,,,,,,,,,,,,
Rk,School,Conf,,AP Rank,W,L,Pts,Opp,MOV,,SOS,,OSRS,DSRS,SRS,ORtg,DRtg,NRtg
1,Alabama,SEC,,4,29,5,82.2,68.5,13.68,,10.14,,17.32,6.5,23.82,113.94,80.95,32.99
2,Houston,AAC,,1,31,3,75,56.5,18.53,,4.77,,5.5,17.8,23.3,115.5,80.63,34.87
3,UCLA,Pac-12,,2,29,5,73.9,60.3,13.62,,8.96,,7.43,15.16,22.58,112.5,80.51,31.99
4,Tennessee,SEC,,17,23,10,71.8,58,13.76,,8.14,,5.23,16.67,21.9,110.86,78.91,31.95
5,Texas,Big 12,,7,26,8,77.9,67.4,10.44,,10.86,,11.9,9.4,21.3,113.95,83.95,30
6,Connecticut,Big East,,11,24,8,78.7,65.2,13.47,,7.45,,10.6,10.28,20.88,112.03,83.35,28.68
7,Gonzaga,WCC,,9,28,5,87.5,72.9,14.61,,7.52,,17.89,2.25,20.14,121.2,93.31,27.89
8,Arizona,Pac-12,,8,28,6,82.7,71.5,11.18,,8.8,,17.88,2.1,19.98,117.08,90.23,26.85
9,Kansas,Big 12,,3,27,7,74.9,67.9,7,,12.8,,10.82,8.98,19.8,112.34,84.78,27.55
10,Purdue,Big Ten,,5,29,5,73.1,62.7,10.35,,9.05,,7.21,12.2,19.41,116.5,87.76,28.74
11,Saint Mary's (CA),WCC,,16,26,7,71.4,60.1,11.24,,7.11,,1.68,16.4,18.08,111.01,84.11,26.9
12,Baylor,Big 12,,10,22,10,77.2,70.3,6.91,,11.16,,12.44,5.62,18.06,117.51,92.6,24.91
13,Creighton,Big East,,24,21,12,76.6,68.5,8.15,,9.53,,9.49,8.19,17.68,112.77,87.56,25.21
14,Marquette,Big East,,6,28,6,79.9,70.6,9.35,,7.92,,12.87,4.4,17.27,115.15,90.9,24.25
15,Arkansas,SEC,,,20,13,74.4,67.4,7.03,,9.59,,8.91,7.72,16.62,109.17,85.93,23.23
16,Iowa State,Big 12,,,19,13,68.4,62.8,5.69,,10.83,,1.63,14.88,16.52,106.35,83.11,23.25
17,West Virginia,Big 12,,,19,14,76.3,71,5.27,,11.25,,11.22,5.3,16.52,114.51,91.54,22.97
18,Xavier,Big East,,15,25,9,81.4,74.1,7.35,,9.06,,14.23,2.18,16.41,114.71,92.27,22.44
19,Kansas State,Big 12,,12,23,9,75.5,69,6.47,,9.83,,10.48,5.82,16.3,109.17,86.54,22.63
20,TCU,Big 12,,22,21,12,75.2,67.9,7.27,,8.97,,8.99,7.25,16.24,109.17,87.11,22.07
,,,,,,,,,,,,,SRS,,,Adjusted,,
Rk,School,Conf,,AP Rank,W,L,Pts,Opp,MOV,,SOS,,OSRS,DSRS,SRS,ORtg,DRtg,NRtg
21,San Diego State,MWC,,20,27,6,72.1,63.6,8.45,,8.43,,4.62,11.34,15.96,109.16,85.91,23.24
22,Indiana,Big Ten,,19,22,11,75,68.5,6.58,,9.06,,8.98,6.66,15.64,112.35,90.17,22.18
23,Duke,ACC,,21,26,8,72.5,63.9,8.59,,7.01,,4.84,10.77,15.6,110.56,87.58,22.97
24,Illinois,Big Ten,,,20,12,74.7,67,7.69,,7.67,,9,6.36,15.36,109.1,88.02,21.08
25,Utah State,MWC,,,26,8,78.6,69.7,8.85,,7.27,,11.08,4.16,15.24,113.59,92.39,21.2
26,Kentucky,SEC,,23,21,11,75.1,68,7.03,,8.19,,8.48,6.74,15.22,114.53,92.47,22.07
27,Maryland,Big Ten,,,21,12,70.4,63.2,7.21,,7.89,,4.36,10.75,15.1,112.04,89.4,22.64
28,Rutgers,Big Ten,,,19,14,67.9,60.3,7.55,,7.53,,0.81,14.26,15.08,103.56,82.12,21.43
29,Memphis,AAC,,,26,8,79.8,71.9,7.85,,7.11,,12.45,2.51,14.96,109.92,89.11,20.81
30,Auburn,SEC,,,20,12,72.7,67.1,5.66,,9.29,,6.71,8.23,14.94,109.21,88.2,21.01
31,Texas A&M,SEC,,18,25,9,73.2,66.2,7.03,,7.78,,6.15,8.66,14.81,111.46,89.98,21.48
32,Iowa,Big Ten,,,19,13,80.2,74.4,5.81,,8.8,,15.4,-0.79,14.61,117.79,97.46,20.33
33,Michigan State,Big Ten,,,19,12,70.2,67.4,2.84,,11.22,,4.53,9.53,14.06,109.7,89.37,20.34
34,Southern California,Pac-12,,,22,10,72.8,67.3,5.53,,8.21,,7.73,6.01,13.74,109.1,90.32,18.78
35,Virginia,ACC,,13,25,7,67.8,60.3,7.56,,6.1,,-0.5,14.16,13.66,109.3,88.7,20.6
36,Boise State,MWC,,,24,9,72.2,64.3,7.91,,6.56,,4.03,9.57,13.6,106.64,87.22,19.42
37,Northwestern,Big Ten,,,21,11,67.7,62.5,5.19,,8.4,,1.45,12.14,13.59,105.34,86.26,19.09
38,Oregon,Pac-12,,,19,14,70.7,67.1,3.61,,9.97,,6.53,7.04,13.57,111.05,92.01,19.04
39,Oklahoma State,Big 12,,,18,15,68.5,66.1,2.36,,11.14,,3.59,9.91,13.51,104.27,85.17,19.1
40,Florida Atlantic,CUSA,,,31,3,78.8,65,13.82,,0.5,,7.56,5.82,13.38,110.26,90.97,19.29
,,,,,,,,,,,,,SRS,,,Adjusted,,
Rk,School,Conf,,AP Rank,W,L,Pts,Opp,MOV,,SOS,,OSRS,DSRS,SRS,ORtg,DRtg,NRtg
41,Ohio State,Big Ten,,,16,19,72.5,69,3.54,,9.71,,7.65,5.6,13.26,113.11,94.2,18.9
42,Texas Tech,Big 12,,,16,16,73.3,69,4.34,,8.75,,6.23,6.87,13.09,108.62,91.12,17.5
43,North Carolina,ACC,,,20,13,76.2,70.9,5.27,,7.76,,9.25,3.78,13.03,109.13,90.88,18.25
44,Providence,Big East,,,21,11,78.1,71.3,6.78,,6.09,,9.88,2.99,12.88,112.09,94.63,17.46
45,Penn State,Big Ten,,,22,13,72.3,68.4,3.91,,8.89,,7.13,5.67,12.8,114.15,95.76,18.38
46,Michigan,Big Ten,,,17,15,73.1,69.4,3.69,,9,,8.03,4.66,12.69,109.3,91.41,17.89
47,NC State,ACC,,,23,10,78.2,70.8,7.39,,5.21,,9.6,3.01,12.61,110.55,93.38,17.18
48,Miami (FL),ACC,,14,25,7,79.4,72.1,7.28,,5.15,,11.54,0.9,12.43,114.21,96.63,17.58
49,Missouri,SEC,,25,24,9,79.5,74.6,4.91,,7.28,,12.79,-0.6,12.19,115.81,98.86,16.95
50,Mississippi State,SEC,,,21,12,65.9,61,4.91,,7.15,,-1.57,13.62,12.05,103,85.6,17.39
51,Colorado,Pac-12,,,17,16,70,66.8,3.27,,8.74,,4.72,7.3,12.02,104.01,87.55,16.45
52,Cincinnati,AAC,,,21,12,77.2,69.2,8,,5.06,,7.69,4.28,11.97,109.25,92.8,16.45
53,Oklahoma,Big 12,,,15,17,67.7,67.5,0.13,,11.84,,3.37,8.6,11.97,108.17,90.81,17.36
54,New Mexico,MWC,,,22,11,81.2,74,7.21,,5.69,,13.22,-1.31,11.91,111.04,94.78,16.26
55,Utah,Pac-12,,,17,15,68.7,63.8,4.81,,5.96,,2.7,9.17,11.87,100.4,85.68,14.72
56,Florida,SEC,,,16,16,71.9,68.7,3.28,,8.55,,5.84,5.99,11.83,105.07,88.31,16.76
57,Washington State,Pac-12,,,17,16,68.2,65.3,2.91,,8.48,,2.39,8.99,11.39,109.18,93.02,16.16
58,Nevada,MWC,,,22,10,72.6,66.9,5.75,,6.82,,4.62,6.72,11.34,107.5,90.93,16.57
59,Central Florida,AAC,,,18,14,72.2,66,6.25,,5,,3.06,8.19,11.25,107.03,89.89,17.15
60,Clemson,ACC,,,23,10,75,67.9,7.15,,4.07,,6.33,4.9,11.22,108.17,92.25,15.92
,,,,,,,,,,,,,SRS,,,Adjusted,,
Rk,School,Conf,,AP Rank,W,L,Pts,Opp,MOV,,SOS,,OSRS,DSRS,SRS,ORtg,DRtg,NRtg
61,Arizona State,Pac-12,,,22,12,70.3,67.7,2.62,,8.39,,4.13,6.88,11.01,102.86,87.54,15.32
62,Seton Hall,Big East,,,17,15,68.5,65.1,3.38,,8.4,,0.84,10.17,11.01,103.07,87.56,15.51
63,Villanova,Big East,,,17,15,70.3,67.8,2.56,,8.66,,2.65,8.13,10.78,107.02,90.77,16.26
64,Wisconsin,Big Ten,,,17,14,64.9,63.8,1.13,,9.54,,-0.84,11.51,10.67,103.94,88.66,15.29
65,Virginia Commonwealth,A-10,,,27,7,71.4,62.9,8.53,,1.63,,2.08,8.08,10.16,103.03,88.62,14.41
66,Stanford,Pac-12,,,14,19,70.3,68.4,1.97,,8.07,,5.1,4.95,10.04,110.76,97.02,13.74
67,Pittsburgh,ACC,,,22,11,76.1,70.5,5.64,,4.3,,6.76,3.18,9.94,110.74,96.64,14.11
68,Brigham Young,WCC,,,19,15,75.5,69.9,5.65,,5.84,,5.52,4.36,9.88,104.4,90.37,14.03
69,UAB,CUSA,,,25,10,81.5,71.5,10.06,,1.1,,11.06,-1.28,9.78,107.19,93.74,13.46
70,Oral Roberts,Summit,,,30,4,84.2,70.1,14.12,,-2.96,,10.17,-0.6,9.58,110.04,97.2,12.84
71,Virginia Tech,ACC,,,19,14,74.2,69.8,4.45,,5.11,,6.35,3.22,9.57,110.77,96.81,13.96
72,North Texas,CUSA,,,26,7,64.2,55.7,8.48,,1.6,,-6.11,15.59,9.47,105.94,90.58,15.36
73,Vanderbilt,SEC,,,20,14,72.5,72.1,0.41,,8.9,,6.9,2.41,9.31,111.11,98.16,12.95
74,Santa Clara,WCC,,,23,9,77.6,73.6,3.97,,5.5,,8.43,0.74,9.17,107.19,94.9,12.3
75,Dayton,A-10,,,22,12,68.6,61,7.62,,1.34,,-1.47,10.42,8.95,105.77,92.17,13.6
76,St. John's (NY),Big East,,,18,15,77.3,75.2,2.15,,6.42,,10.3,-1.73,8.57,104.4,92.62,11.78
77,College of Charleston,CAA,,,31,3,80.8,67.4,13.44,,-4.51,,8.27,0.19,8.46,105.15,94.03,11.12
78,Drake,MVC,,,27,7,75.3,63.9,11.41,,-1.13,,3.27,5.06,8.33,105.43,92.97,12.47
79,Wake Forest,ACC,,,19,14,76.6,73.8,2.82,,5.41,,8.56,-0.33,8.23,108.91,97.57,11.33
80,Liberty,A-Sun,,,26,8,75.2,60.6,14.53,,-2.69,,0.68,7.52,8.21,106.95,93.76,13.19
,,,,,,,,,,,,,SRS,,,Adjusted,,
Rk,School,Conf,,AP Rank,W,L,Pts,Opp,MOV,,SOS,,OSRS,DSRS,SRS,ORtg,DRtg,NRtg
81,Kent State,MAC,,,28,6,76.6,65.7,10.91,,-1.32,,2.56,5.5,8.06,102.16,91.19,10.97
82,Iona,MAAC,,,27,7,76.4,65,11.38,,-3.41,,4.93,3.04,7.97,106.63,95.23,11.4
83,Sam Houston State,WAC,,,25,7,73.2,58.9,14.28,,0.77,,-2.06,9.97,7.91,101.89,90.4,11.49
84,Yale,Ivy,,,21,8,76.2,63,13.28,,-2.2,,2.17,5.74,7.91,105.21,93.63,11.58
85,Nevada-Las Vegas,MWC,,,19,13,74.3,70,4.22,,5.8,,5.97,1.86,7.84,104.13,93.42,10.71
86,Nebraska,Big Ten,,,16,16,68,69.9,-1.91,,9.31,,1.94,5.46,7.41,103.18,92.79,10.39
87,Bradley,MVC,,,25,9,70.9,62.2,8.74,,-0.61,,-0.38,7.74,7.36,103.87,92.91,10.97
88,Marshall,Sun Belt,,,24,8,81.8,71.3,10.47,,-2.61,,9.59,-2.23,7.36,105,95.87,9.13
89,Washington,Pac-12,,,16,16,69.2,70.3,-1.16,,8.43,,4.12,3.16,7.27,102.01,92.35,9.67
90,Utah Valley,WAC,,,25,8,77,68.2,8.79,,0.89,,4.37,2.88,7.25,101.88,92.2,9.68
91,San Francisco,WCC,,,20,14,76.2,73.4,2.79,,4.17,,5.5,1.03,6.53,106,97.21,8.79
92,Toledo,MAC,,,28,7,85.8,76.7,9.03,,-2.36,,12.28,-5.78,6.49,114.15,105.38,8.77
93,Saint Louis,A-10,,,21,12,75.5,71.2,4.39,,3.14,,6.66,-0.34,6.33,107.85,98.51,9.34
94,Mississippi,SEC,,,12,21,67.5,69.1,-1.58,,7.8,,0.9,5.33,6.23,102.84,94.54,8.3
95,Colorado State,MWC,,,15,18,72.5,71.4,1.09,,6.42,,4.6,1.61,6.2,108.47,99.93,8.53
96,Wichita State,AAC,,,17,15,71,68.5,2.53,,3.67,,1.24,4.96,6.2,102.46,93.87,8.59
97,San Jose State,MWC,,,20,13,67.5,66.6,0.88,,5.72,,-0.54,6.48,5.94,105.58,97.08,8.5
98,Butler,Big East,,,14,18,65.3,67.9,-2.69,,8.52,,-2.66,8.5,5.84,99.11,91.6,7.51
99,Tulane,AAC,,,20,11,79.9,77.2,2.77,,3.05,,10.78,-4.95,5.83,105.28,97.32,7.96
100,Indiana State,MVC,,,22,12,79.4,69.3,10.12,,-3.54,,7.23,-1.47,5.76,106.04,98.19,7.85
,,,,,,,,,,,,,SRS,,,Adjusted,,
Rk,School,Conf,,AP Rank,W,L,Pts,Opp,MOV,,SOS,,OSRS,DSRS,SRS,ORtg,DRtg,NRtg
101,Loyola Marymount,WCC,,,19,12,75.3,73.1,2.26,,4.85,,3.97,1.55,5.52,105.46,97.54,7.91
102,Syracuse,ACC,,,17,15,74.1,72.9,1.22,,4.17,,4.58,0.8,5.39,105.83,98.63,7.2
103,James Madison,Sun Belt,,,22,11,80.5,68.1,12.48,,-2.13,,5.95,-0.81,5.14,102.28,95.91,6.37
104,Furman,Southern,,,27,7,82.1,71.2,10.88,,-3.9,,7.25,-2.15,5.1,109.21,102.1,7.11
105,UC Irvine,Big West,,,23,11,75.3,66.7,8.56,,-0.64,,3.61,1.47,5.08,102.62,95.73,6.89
106,Temple,AAC,,,16,16,69.6,70.2,-0.63,,5.59,,1.88,3.09,4.97,102.57,95.39,7.18
107,Hofstra,CAA,,,24,9,74.7,65.4,9.3,,-3.19,,2.8,2.11,4.9,104.05,96.67,7.37
108,Grand Canyon,WAC,,,24,11,75.3,66.8,8.49,,1,,2.37,2.25,4.62,106.24,100.06,6.18
109,Akron,MAC,,,22,11,74.6,66.9,7.7,,-1.23,,1.2,3.4,4.61,104.56,98.05,6.51
110,Southern Mississippi,Sun Belt,,,25,7,74.3,65.4,8.81,,-1.76,,2.16,2.08,4.24,101.52,95.65,5.87
111,Louisiana,Sun Belt,,,26,7,78,69.8,8.21,,-0.93,,5.39,-1.28,4.1,106.37,100.37,6
112,Duquesne,A-10,,,20,12,74.8,70.9,3.94,,0.13,,3.39,0.68,4.07,103.96,98.03,5.93
113,UC Santa Barbara,Big West,,,27,7,72.2,65.6,6.56,,-2.18,,0.68,3.21,3.88,105.56,100,5.56
114,Louisiana State,SEC,,,14,19,67.6,70.7,-3.12,,6.95,,0.18,3.65,3.83,102.95,98.3,4.65
115,South Alabama,Sun Belt,,,19,16,70.9,65.2,5.74,,-0.26,,-0.55,4.36,3.8,102.77,96.7,6.06
116,Southern Utah,WAC,,,22,12,82.7,74.4,8.32,,2.17,,9.25,-5.48,3.77,105.19,100.14,5.05
117,Charlotte,CUSA,,,18,14,66.7,62.8,3.97,,-0.37,,-4.45,8.06,3.6,104.72,99.28,5.44
118,Fresno State,MWC,,,11,20,63.7,65.7,-2,,5.72,,-4.02,7.23,3.22,99.33,95.28,4.05
119,Princeton,Ivy,,,21,8,76,68.6,7.45,,-2.95,,2.95,0.17,3.13,103.36,99.29,4.08
120,DePaul,Big East,,,10,23,71.2,77.3,-6.12,,9.06,,4.57,-1.63,2.94,102.48,98.17,4.31
,,,,,,,,,,,,,SRS,,,Adjusted,,
Rk,School,Conf,,AP Rank,W,L,Pts,Opp,MOV,,SOS,,OSRS,DSRS,SRS,ORtg,DRtg,NRtg
121,Hawaii,Big West,,,22,11,66.9,61.8,5.12,,-1.74,,-4.42,7.21,2.79,97.31,93.17,4.14
122,Middle Tennessee,CUSA,,,19,14,70.1,67.8,2.33,,1.75,,0.1,2.52,2.62,101.11,97.35,3.76
123,Wyoming,MWC,,,9,22,69.2,72.1,-2.9,,6.7,,0.84,1.76,2.6,103.69,100.62,3.07
124,Air Force,MWC,,,14,18,66.9,67.1,-0.13,,2.7,,-2.64,5.21,2.57,102.71,99.44,3.27
125,Fordham,A-10,,,25,8,72,67.6,4.39,,-2,,1.24,1.16,2.39,98.35,95.21,3.14
126,Montana State,Big Sky,,,25,9,74.2,66.6,7.59,,-1.72,,-1.86,4.23,2.37,98.97,95.52,3.45
127,Belmont,MVC,,,21,11,76.5,71.8,4.63,,-1.52,,5.19,-2.91,2.29,105.86,102.63,3.23
128,Colgate,Patriot,,,26,8,78.6,69,9.62,,-6.63,,5.07,-2.79,2.28,107.4,104.1,3.31
129,Cal State Fullerton,Big West,,,20,13,69.2,65.1,4.09,,0.21,,-1.6,3.81,2.21,98.81,95.73,3.08
130,Davidson,A-10,,,16,16,69.9,68.7,1.22,,1.69,,0.08,2.13,2.21,103.07,100.04,3.03
131,Georgia,SEC,,,16,16,68.5,71.5,-3,,5.2,,0.46,1.73,2.2,100.11,97.15,2.95
132,South Florida,AAC,,,14,18,72,72,0,,2.16,,1.72,0.43,2.16,101.64,98.43,3.21
133,Georgia Tech,ACC,,,15,18,69.7,70.8,-1.03,,4.95,,-0.45,2.59,2.14,100.13,98.01,2.12
134,Portland,WCC,,,14,19,77.8,78.6,-0.85,,4.59,,6.49,-4.34,2.14,105.69,103.03,2.67
135,Notre Dame,ACC,,,11,21,69.6,72.1,-2.5,,4.61,,0.63,1.48,2.11,105.59,102.88,2.71
136,George Mason,A-10,,,20,13,68.7,67.3,1.45,,0.48,,-2.34,4.28,1.94,98.46,95.8,2.67
137,Vermont,AEC,,,23,10,73,66.6,6.42,,-3.69,,-0.64,2.39,1.74,103.77,100.7,3.07
138,UNC Greensboro,Southern,,,20,12,72.1,64.5,7.56,,-2.86,,-3.57,5.28,1.71,96.8,94.39,2.41
139,Youngstown State,Horizon,,,24,9,82.5,72.6,9.85,,-6.19,,6.7,-4.99,1.71,107.32,105.3,2.03
140,Southern Illinois,MVC,,,23,10,65.7,61.4,4.3,,-1.65,,-6.54,8.17,1.63,97.22,94.71,2.52
,,,,,,,,,,,,,SRS,,,Adjusted,,
Rk,School,Conf,,AP Rank,W,L,Pts,Opp,MOV,,SOS,,OSRS,DSRS,SRS,ORtg,DRtg,NRtg
141,Troy,Sun Belt,,,20,13,73.2,66.8,6.36,,-1.01,,0.09,1.54,1.63,98.35,96.45,1.9
142,Richmond,A-10,,,15,18,68.9,67.8,1.09,,0.51,,-2.06,3.66,1.6,100.25,97.89,2.36
143,Ohio,MAC,,,19,14,78.8,73.1,5.73,,-2.29,,4.07,-2.61,1.46,105.26,103.34,1.92
144,Eastern Washington,Big Sky,,,22,10,77.1,71.4,5.69,,-2.15,,3.89,-2.62,1.27,104.78,103.06,1.73
145,Seattle,WAC,,,20,12,72,69,2.94,,0.92,,-0.74,1.89,1.15,96.85,95.33,1.52
146,UC Riverside,Big West,,,22,12,72.4,69.2,3.26,,0.09,,1.33,-0.18,1.15,101.07,99.8,1.27
147,Boston College,ACC,,,16,17,66.6,70.2,-3.64,,4.75,,-1.81,2.93,1.12,98.81,97.57,1.24
148,Stephen F. Austin,WAC,,,19,13,75.8,69.9,5.91,,-0.49,,2.77,-1.85,0.93,100.1,98.55,1.55
149,Missouri State,MVC,,,17,15,65.6,63.2,2.41,,-0.53,,-5.37,6.2,0.82,99.53,98.67,0.86
150,Pennsylvania,Ivy,,,17,13,75,72,2.97,,-1.27,,2.85,-2.16,0.69,103.16,101.92,1.24
151,Samford,Southern,,,21,11,78.7,71.6,7.16,,-4.2,,3.5,-2.83,0.66,103.18,102.32,0.85
152,Massachusetts-Lowell,AEC,,,26,8,78,66,12.06,,-8.62,,2.2,-1.67,0.54,101.57,100.94,0.63
153,Oregon State,Pac-12,,,11,21,61.2,67,-5.78,,7.01,,-6.26,6.75,0.49,96.77,97.32,-0.56
154,California Baptist,WAC,,,17,16,69.4,65.3,4.09,,-0.45,,-4.63,5.08,0.45,98.18,97.59,0.59
155,Pepperdine,WCC,,,9,22,78,81.3,-3.32,,5.22,,6.71,-6.32,0.39,101.06,100.41,0.66
156,Cornell,Ivy,,,17,11,81.7,76,5.64,,-2.67,,8.37,-8.01,0.37,105.84,105.91,-0.07
157,Southern Methodist,AAC,,,10,22,70.3,75.6,-5.31,,5.63,,2.1,-1.79,0.31,98.72,98.18,0.55
158,Kennesaw State,A-Sun,,,26,8,75.3,68.9,6.35,,-2.61,,1.19,-0.9,0.29,98.61,98.47,0.14
159,Towson,CAA,,,21,12,71.8,66.7,5.03,,-4.74,,-1.21,1.51,0.29,102.01,101.18,0.83
160,Utah Tech,WAC,,,14,19,75.6,73.3,2.27,,1.3,,2.86,-2.73,0.14,102.58,102.68,-0.1
,,,,,,,,,,,,,SRS,,,Adjusted,,
Rk,School,Conf,,AP Rank,W,L,Pts,Opp,MOV,,SOS,,OSRS,DSRS,SRS,ORtg,DRtg,NRtg
161,UC Davis,Big West,,,18,14,74.8,71.1,3.69,,-1.32,,2.96,-2.84,0.12,98.97,98.84,0.13
162,Minnesota,Big Ten,,,9,22,62.9,71,-8.16,,8.21,,-2.24,2.29,0.05,98.73,99.25,-0.52
163,East Carolina,AAC,,,16,17,68.8,70.5,-1.7,,1.73,,-1.67,1.7,0.04,98.2,98.2,0
164,Pacific,WCC,,,15,18,75.8,77.7,-1.91,,2.56,,4.83,-4.89,-0.06,102.43,102.79,-0.36
165,Old Dominion,Sun Belt,,,19,12,66.9,66.2,0.68,,-0.44,,-3.72,3.51,-0.21,97.24,98.13,-0.88
166,Saint Joseph's,A-10,,,16,17,72.4,72.4,-0.03,,-0.19,,1.96,-2.18,-0.22,99.85,100.52,-0.67
167,Long Beach State,Big West,,,17,16,76.5,74.4,2.09,,-0.07,,7.25,-7.48,-0.23,99.58,100.29,-0.72
168,Louisiana Tech,CUSA,,,15,18,72.2,70.3,1.91,,1.55,,0.48,-0.73,-0.25,100.01,100.75,-0.74
169,Florida State,ACC,,,9,23,69.3,76.2,-6.88,,6.54,,1.9,-2.23,-0.33,101.17,101.84,-0.67
170,Tarleton State,WAC,,,17,16,72,67.8,4.24,,2.05,,-2.7,2.26,-0.44,97.24,98.4,-1.16
171,Ball State,MAC,,,20,12,76.4,71.6,4.78,,-3.07,,1.67,-2.43,-0.77,103,103.94,-0.94
172,Harvard,Ivy,,,14,14,68.4,66.4,2,,-2.14,,-4.57,3.74,-0.83,96.04,97.22,-1.18
173,Montana,Big Sky,,,17,14,69.3,68.2,1.06,,-1.53,,-2.31,1.48,-0.83,102.28,103.88,-1.61
174,Northern Kentucky,Horizon,,,22,12,68.2,63.6,4.68,,-3.45,,-6.77,5.79,-0.98,98.05,99.24,-1.18
175,UTEP,CUSA,,,14,18,68.5,68.5,0,,1.53,,-3.4,2.36,-1.04,94.04,95.57,-1.53
176,Georgetown,Big East,,,7,25,69.5,78.1,-8.59,,7.49,,2.06,-3.16,-1.1,100.05,101.72,-1.67
177,St. Bonaventure,A-10,,,14,18,66.8,67.7,-0.91,,-0.19,,-4.34,3.24,-1.1,96.61,98.23,-1.63
178,Western Kentucky,CUSA,,,17,16,71.4,70.6,0.76,,0.72,,-0.93,-0.26,-1.18,98.41,100.38,-1.97
179,UNC Wilmington,CAA,,,24,10,68.9,64.3,4.59,,-3.07,,-4.17,2.97,-1.2,97.15,98.8,-1.66
180,Massachusetts,A-10,,,15,16,69.8,71.4,-1.65,,0.42,,0.39,-1.61,-1.23,95.36,97.48,-2.12
,,,,,,,,,,,,,SRS,,,Adjusted,,
Rk,School,Conf,,AP Rank,W,L,Pts,Opp,MOV,,SOS,,OSRS,DSRS,SRS,ORtg,DRtg,NRtg
181,New Mexico State,WAC,,,9,15,73.7,71.7,2.04,,2.71,,1.51,-2.8,-1.29,100.9,102.95,-2.05
182,Appalachian State,Sun Belt,,,16,16,70.3,64.6,5.66,,-0.78,,-5.23,3.93,-1.3,95.61,97.82,-2.2
183,South Dakota State,Summit,,,19,13,70.9,69.8,1.16,,-1.61,,-1.8,0.45,-1.35,98.47,100.35,-1.88
184,UNC Asheville,Big South,,,27,7,75,68.6,6.44,,-5.35,,-0.13,-1.37,-1.5,93.67,96.51,-2.83
185,San Diego,WCC,,,11,20,77.1,80.5,-3.35,,3.74,,5.91,-7.51,-1.6,106,108.37,-2.37
186,George Washington,A-10,,,16,16,76.3,76.7,-0.44,,-0.41,,5.8,-7.54,-1.73,104.83,107.13,-2.3
187,Longwood,Big South,,,20,12,73.2,66.2,6.94,,-6.4,,-3.26,1.45,-1.8,98.13,100.64,-2.51
188,South Carolina,SEC,,,11,21,64.3,72.6,-8.28,,6.4,,-3.34,1.46,-1.88,99.09,102.48,-3.39
189,Lipscomb,A-Sun,,,20,13,76.4,71,5.39,,-3.97,,1.66,-3.57,-1.91,98.35,101.35,-2.99
190,Cleveland State,Horizon,,,21,13,71.7,68.1,3.62,,-4.95,,-2.27,0.35,-1.92,98.67,101.7,-3.03
191,Texas State,Sun Belt,,,16,19,66,66.7,-0.71,,-0.45,,-5.14,3.06,-2.08,98.42,101.84,-3.42
192,Wright State,Horizon,,,18,15,79.9,73.7,6.21,,-5.67,,4.3,-6.42,-2.12,98.83,102.16,-3.33
193,Chattanooga,Southern,,,18,17,77.2,72.1,5.11,,-3.19,,2.02,-4.21,-2.19,101.93,105.17,-3.25
194,Northern Iowa,MVC,,,14,18,70.1,69.9,0.19,,-0.59,,-1.25,-0.96,-2.2,98.55,101.87,-3.32
195,Drexel,CAA,,,17,15,66.7,62.4,4.31,,-5.42,,-6.39,4.14,-2.26,95.49,98.42,-2.93
196,Texas A&M-Corpus Christi,Southland,,,23,10,80.4,72.5,7.85,,-7.68,,2.38,-4.71,-2.34,99.11,102.34,-3.24
197,Quinnipiac,MAAC,,,20,12,73,69.7,3.25,,-5.16,,1.21,-3.6,-2.39,98.39,102.02,-3.63
198,Radford,Big South,,,19,14,69.7,64.9,4.82,,-4.48,,-4.73,2.29,-2.45,98.19,101.88,-3.69
199,Eastern Kentucky,A-Sun,,,20,13,77.4,72.1,5.24,,-2.11,,0.23,-2.71,-2.48,95.85,99.24,-3.38
200,Abilene Christian,WAC,,,13,17,75,71.1,3.87,,1.15,,1.35,-3.89,-2.54,99.67,103.22,-3.55
,,,,,,,,,,,,,SRS,,,Adjusted,,
Rk,School,Conf,,AP Rank,W,L,Pts,Opp,MOV,,SOS,,OSRS,DSRS,SRS,ORtg,DRtg,NRtg
201,Stetson,A-Sun,,,17,13,76.6,73.3,3.27,,-2.57,,2.25,-4.82,-2.57,105.81,109.5,-3.69
202,Florida Gulf Coast,A-Sun,,,17,15,71.3,69.4,1.81,,-3.03,,-1.91,-0.67,-2.58,98.2,102.11,-3.91
203,Weber State,Big Sky,,,18,15,67.2,67.5,-0.3,,-1.02,,-5.38,2.74,-2.63,94.47,98.72,-4.25
204,La Salle,A-10,,,15,19,69.8,72.6,-2.76,,0.13,,-0.55,-2.09,-2.64,98.29,102.3,-4.02
205,Brown,Ivy,,,14,13,69.6,69.3,0.22,,-2.9,,-2.49,-0.19,-2.68,94.38,98.05,-3.68
206,Buffalo,MAC,,,15,17,77.5,77.7,-0.13,,0.95,,3.79,-6.47,-2.68,98.26,101.32,-3.05
207,St. Thomas,Summit,,,19,14,74.2,70.2,3.97,,-4.25,,-0.32,-2.38,-2.71,102.24,106.01,-3.77
208,Rice,CUSA,,,18,15,76.7,76.4,0.27,,0.95,,4.54,-7.28,-2.75,102.1,106.13,-4.03
209,Navy,Patriot,,,18,13,69.4,64.9,4.48,,-6.09,,-4.7,1.94,-2.76,96.95,100.92,-3.97
210,North Carolina Central,MEAC,,,18,12,75.6,65.9,9.7,,-5.97,,-2.59,-0.19,-2.78,94.74,98.71,-3.98
211,California,Pac-12,,,3,29,58.3,70.1,-11.78,,8.89,,-7.45,4.55,-2.9,93.59,99.5,-5.91
212,Detroit Mercy,Horizon,,,14,19,76.6,75.3,1.24,,-3.43,,3.09,-6.12,-3.03,104.51,109.16,-4.65
213,Georgia Southern,Sun Belt,,,17,16,68.4,66.7,1.7,,-1.82,,-4.83,1.77,-3.05,94.45,98.97,-4.52
214,Florida International,CUSA,,,14,18,73.1,75.1,-2.03,,-0.04,,1.4,-4.47,-3.07,97.15,101.14,-4
215,Siena,MAAC,,,17,15,68.6,67.2,1.38,,-4.73,,-2.83,-0.53,-3.36,96.43,101.24,-4.8
216,Rider,MAAC,,,16,14,70.2,67.6,2.6,,-4.8,,-2.07,-1.33,-3.39,100.35,105.26,-4.91
217,Norfolk State,MEAC,,,22,11,75.8,68.6,7.18,,-6.36,,-1.3,-2.17,-3.46,101.66,106.63,-4.97
218,Bryant,AEC,,,17,13,79.4,73.1,6.27,,-4.57,,3.7,-7.35,-3.64,98.8,104.07,-5.28
219,Grambling,SWAC,,,24,9,69,62.2,6.73,,-8.1,,-6.65,2.99,-3.65,91.79,96.66,-4.87
220,Northern Arizona,Big Sky,,,12,23,73.7,74.7,-0.97,,-0.04,,0.95,-4.66,-3.7,101.03,106.35,-5.32
,,,,,,,,,,,,,SRS,,,Adjusted,,
Rk,School,Conf,,AP Rank,W,L,Pts,Opp,MOV,,SOS,,OSRS,DSRS,SRS,ORtg,DRtg,NRtg
221,Gardner-Webb,Big South,,,15,16,70.7,65.5,5.16,,-4.62,,-5.78,1.96,-3.82,92.13,97.6,-5.46
222,Rhode Island,A-10,,,9,22,66,70.6,-4.65,,0.66,,-4.33,0.35,-3.99,93.02,98.62,-5.6
223,Murray State,MVC,,,17,15,70.4,72,-1.59,,-1.18,,-0.63,-3.39,-4.02,99.67,106.22,-6.55
224,North Dakota State,Summit,,,16,17,72.8,73.2,-0.3,,-1.59,,-1.07,-2.97,-4.04,98.28,103.97,-5.69
225,Northern Colorado,Big Sky,,,12,20,73.6,77.5,-3.91,,-0.27,,3.13,-7.39,-4.27,100.42,106.7,-6.28
226,Queens (NC),A-Sun,,,18,15,77.7,74.6,3.06,,-4.37,,2.53,-6.8,-4.27,100.8,107.3,-6.5
227,Sacramento State,Big Sky,,,14,18,66.1,67.8,-1.72,,-1.28,,-5.92,1.62,-4.31,97.55,104.41,-6.85
228,Northwestern State,Southland,,,22,11,74.6,72.1,2.58,,-6.65,,-1.38,-2.96,-4.34,97.15,103.37,-6.23
229,Loyola (IL),A-10,,,10,21,67.4,72.5,-5.1,,0.62,,-3.01,-1.47,-4.48,96.88,103.33,-6.44
230,Milwaukee,Horizon,,,21,11,78.3,73.8,4.5,,-3.99,,2.61,-7.12,-4.51,96.65,103.2,-6.55
231,Howard,MEAC,,,22,12,75.5,71.9,3.53,,-5.77,,-1.04,-3.73,-4.77,95.73,102.79,-7.06
232,UT Arlington,WAC,,,11,21,66.4,68.4,-2.03,,2.33,,-5.79,1.01,-4.78,94.54,102.12,-7.58
233,Portland State,Big Sky,,,12,19,76.2,75.5,0.74,,-0.24,,3.06,-7.89,-4.83,97.07,103.78,-6.72
234,Wofford,Southern,,,17,16,74.7,72.5,2.24,,-3.15,,0.01,-4.85,-4.85,102.5,109.84,-7.34
235,Mercer,Southern,,,14,19,68.7,67,1.73,,-3.88,,-6.83,1.82,-5.01,93.83,101.24,-7.41
236,Purdue-Fort Wayne,Horizon,,,17,15,73.9,69.8,4.06,,-4.7,,-2.57,-2.63,-5.2,94.22,102.42,-8.19
237,Campbell,Big South,,,16,18,69.8,68.5,1.32,,-4.89,,-3.56,-1.67,-5.23,97.66,105.59,-7.93
238,Louisville,ACC,,,4,28,63.9,75.8,-11.84,,6.49,,-3.58,-1.77,-5.36,97.09,105.58,-8.49
239,Delaware,CAA,,,17,16,69.6,70.7,-1.06,,-3.74,,-2.76,-2.82,-5.58,96.75,104.46,-7.71
240,Robert Morris,Horizon,,,16,17,69.3,66.8,2.48,,-5.35,,-6.48,0.88,-5.61,93.02,101.41,-8.39
,,,,,,,,,,,,,SRS,,,Adjusted,,
Rk,School,Conf,,AP Rank,W,L,Pts,Opp,MOV,,SOS,,OSRS,DSRS,SRS,ORtg,DRtg,NRtg
241,East Tennessee State,Southern,,,12,20,69.1,69,0.09,,-4.32,,-5.43,-0.46,-5.88,95.14,103.91,-8.78
242,Northern Illinois,MAC,,,13,19,72,75,-3.03,,-2.27,,-2.19,-3.98,-6.17,94.35,102.95,-8.6
243,Texas-Rio Grande Valley,WAC,,,15,17,78.7,78.2,0.5,,-0.27,,3.97,-10.17,-6.2,97.04,105.61,-8.57
244,Western Carolina,Southern,,,18,15,74.5,70.9,3.55,,-4.18,,-1.81,-4.4,-6.21,95.3,104.18,-8.89
245,Jacksonville,A-Sun,,,13,16,63.3,62.6,0.72,,-2.58,,-11.76,5.53,-6.23,93.03,102.55,-9.53
246,Idaho State,Big Sky,,,11,21,69.2,71,-1.84,,-2.66,,-4.18,-2.08,-6.26,96.16,105.44,-9.28
247,Maryland-Baltimore County,AEC,,,18,14,74.3,72.8,1.56,,-7.02,,-0.28,-5.99,-6.28,100.03,109.24,-9.2
248,SIU Edwardsville,OVC,,,19,14,74.6,71.3,3.33,,-7.36,,-2.9,-3.4,-6.3,93.98,102.77,-8.79
249,UC San Diego,Big West,,,10,20,68.6,73,-4.4,,-0.31,,-2.94,-3.55,-6.49,95.26,105.54,-10.28
250,Jacksonville State,A-Sun,,,13,18,69.9,70.3,-0.39,,-2.49,,-5.3,-1.26,-6.56,94.47,104.43,-9.96
251,Winthrop,Big South,,,15,17,73.8,74.4,-0.69,,-3.55,,0.55,-7.13,-6.58,101.28,111.06,-9.78
252,Georgia State,Sun Belt,,,10,21,66.7,69.4,-2.65,,-0.74,,-5.6,-0.99,-6.59,92.41,102.12,-9.71
253,North Florida,A-Sun,,,14,17,76.2,77.6,-1.35,,-2.42,,2.53,-9.15,-6.63,100.78,110.35,-9.57
254,Niagara,MAAC,,,16,15,65,65.9,-0.9,,-4.46,,-8.29,1.63,-6.66,95.81,105.97,-10.16
255,Fairfield,MAAC,,,13,18,64.9,66,-1.06,,-4.44,,-7.14,0.23,-6.91,93.31,103.75,-10.45
256,Canisius,MAAC,,,10,20,70.4,72.3,-1.93,,-3.34,,-2.2,-4.73,-6.92,95.6,105.38,-9.78
257,Illinois State,MVC,,,11,21,66.5,70.5,-4,,-2.94,,-5.44,-1.5,-6.94,94.79,104.82,-10.03
258,Cal Poly,Big West,,,8,25,60.8,65.9,-5.09,,-0.07,,-10.98,3.94,-7.04,88.64,100.02,-11.38
259,Miami (OH),MAC,,,12,20,73.7,74.5,-0.88,,-2.02,,-2.03,-5.02,-7.05,99.28,109.21,-9.94
260,North Dakota,Summit,,,13,20,72.1,73.9,-1.76,,-2.62,,-2,-5.13,-7.13,97.46,108.14,-10.68
,,,,,,,,,,,,,SRS,,,Adjusted,,
Rk,School,Conf,,AP Rank,W,L,Pts,Opp,MOV,,SOS,,OSRS,DSRS,SRS,ORtg,DRtg,NRtg
261,Western Illinois,Summit,,,16,14,73,72.4,0.67,,-4.3,,-3.27,-3.88,-7.15,96.61,107.54,-10.93
262,Southeast Missouri State,OVC,,,19,16,77.7,76,1.69,,-6.71,,2.27,-9.47,-7.2,95.02,105.06,-10.04
263,Army,Patriot,,,17,16,73.1,70.4,2.73,,-7.66,,-1.31,-5.9,-7.21,97.1,107.3,-10.2
264,Bellarmine,A-Sun,,,15,18,66.3,67.2,-0.88,,-1.32,,-8.22,0.84,-7.38,95.91,107.55,-11.64
265,Maryland-Eastern Shore,MEAC,,,18,13,69.7,66.3,3.48,,-5.37,,-6.91,-0.61,-7.52,89.14,100.11,-10.97
266,Morehead State,OVC,,,21,11,70.2,66.4,3.81,,-5.94,,-9.31,1.7,-7.61,93.57,103.99,-10.42
267,South Carolina Upstate,Big South,,,16,15,68.9,69.6,-0.71,,-4.06,,-5.23,-2.42,-7.65,92.32,103.98,-11.66
268,Southeastern Louisiana,Southland,,,18,14,77.6,76,1.59,,-6.4,,0.39,-8.07,-7.67,95.63,106.15,-10.51
269,Oakland,Horizon,,,13,19,73.3,76.3,-2.97,,-2.62,,0.18,-7.96,-7.78,98.33,109.44,-11.11
270,Arkansas State,Sun Belt,,,13,20,65.7,67.6,-1.91,,-3.02,,-8.48,0.69,-7.79,94.71,106.49,-11.78
271,Cal State Bakersfield,Big West,,,11,22,60.5,64.7,-4.21,,-1.02,,-11.08,3.19,-7.89,88.84,101.11,-12.27
272,Lafayette,Patriot,,,11,23,62.4,65.6,-3.29,,-4.63,,-11.04,3.12,-7.92,89.2,101.25,-12.05
273,Mount St. Mary's,MAAC,,,13,20,63.7,67,-3.36,,-3.86,,-7.85,-0.17,-8.01,90.54,102.39,-11.85
274,UTSA,CUSA,,,10,22,69.3,76.6,-7.28,,0.86,,-0.84,-7.2,-8.04,96.21,107.36,-11.15
275,Tulsa,AAC,,,5,25,65.3,77.4,-12.13,,4.07,,-3.11,-4.95,-8.07,94.72,107.01,-12.29
276,Nicholls State,Southland,,,16,15,75.6,72.7,2.94,,-5.22,,-2.84,-5.24,-8.08,86.91,97.94,-11.03
277,Bowling Green State,MAC,,,11,20,76,78.5,-2.55,,-3.45,,0.06,-8.17,-8.11,96.92,108.3,-11.39
278,Dartmouth,Ivy,,,10,18,71.4,72.4,-1.04,,-2.68,,-3.36,-4.78,-8.14,91.94,103.41,-11.48
279,Boston University,Patriot,,,15,17,67.1,67.2,-0.13,,-6.57,,-7.04,-1.11,-8.15,91.7,103.72,-12.02
280,Southern,SWAC,,,15,17,71.9,71.3,0.63,,-6.13,,-3.65,-4.54,-8.2,90.45,102.04,-11.6
,,,,,,,,,,,,,SRS,,,Adjusted,,
Rk,School,Conf,,AP Rank,W,L,Pts,Opp,MOV,,SOS,,OSRS,DSRS,SRS,ORtg,DRtg,NRtg
281,American,Patriot,,,17,15,65.4,65.9,-0.53,,-7.7,,-8.25,0.02,-8.23,94.5,106.67,-12.17
282,North Alabama,A-Sun,,,18,14,74.9,74.4,0.5,,-4.15,,-0.21,-8.04,-8.26,96.93,108.42,-11.5
283,Southern Indiana,OVC,,,16,16,76.5,74.1,2.44,,-7.34,,0.3,-8.56,-8.27,96.52,108.3,-11.78
284,Valparaiso,MVC,,,11,21,68.9,73.6,-4.66,,-2.31,,-3.85,-4.43,-8.28,92.45,104.32,-11.87
285,Louisiana-Monroe,Sun Belt,,,11,21,67.4,69.8,-2.44,,-0.27,,-6.57,-1.76,-8.34,91.1,103.32,-12.22
286,Idaho,Big Sky,,,10,22,73,72.9,0.09,,-3.56,,-3.33,-5.06,-8.39,97.11,110.15,-13.04
287,Marist,MAAC,,,13,20,63.9,66.7,-2.76,,-5.65,,-8.2,-0.21,-8.41,91.79,104.19,-12.4
288,Alcorn State,SWAC,,,18,13,68.1,70.6,-2.52,,-5.91,,-3.76,-4.67,-8.43,94.28,106.12,-11.83
289,Illinois-Chicago,MVC,,,12,20,67.2,71.6,-4.47,,-2.74,,-3.91,-4.54,-8.45,91.14,103.46,-12.32
290,Tennessee-Martin,OVC,,,19,14,80.5,75.4,5.12,,-7.74,,0.72,-9.22,-8.5,94.4,106.52,-12.12
291,Coastal Carolina,Sun Belt,,,11,20,73.3,74,-0.68,,-1.54,,-0.92,-7.8,-8.72,97.57,110.21,-12.64
292,Prairie View,SWAC,,,13,20,67.5,68.4,-0.91,,-6.48,,-7.77,-1.03,-8.8,85.2,97.42,-12.22
293,Tennessee State,OVC,,,18,14,78.1,75,3.06,,-8.77,,-1.07,-7.77,-8.84,94.52,107.42,-12.9
294,Maine,AEC,,,13,17,68.5,69.7,-1.23,,-4.69,,-6.09,-2.82,-8.9,93.14,106.32,-13.18
295,Lehigh,Patriot,,,16,14,69.8,69.4,0.4,,-6.05,,-4.66,-4.42,-9.08,90.18,103.59,-13.41
296,New Hampshire,AEC,,,15,15,66.4,67,-0.63,,-5.74,,-9.92,0.83,-9.1,90.82,103.97,-13.14
297,Denver,Summit,,,15,17,72.7,75.1,-2.41,,-5.44,,-1.92,-7.19,-9.11,93.96,107.42,-13.46
298,Tennessee Tech,OVC,,,16,17,73.7,73.4,0.33,,-6.19,,-3.26,-5.97,-9.23,95.21,108.28,-13.07
299,Kansas City,Summit,,,11,21,64.4,68.7,-4.34,,-2.8,,-10.23,0.93,-9.3,89.37,103.22,-13.85
300,Charleston Southern,Big South,,,10,21,72.6,74.4,-1.74,,-4.44,,-2.42,-6.98,-9.4,98.33,112.59,-14.26
,,,,,,,,,,,,,SRS,,,Adjusted,,
Rk,School,Conf,,AP Rank,W,L,Pts,Opp,MOV,,SOS,,OSRS,DSRS,SRS,ORtg,DRtg,NRtg
301,South Dakota,Summit,,,12,19,69.3,73.6,-4.29,,-2.88,,-4.41,-5.02,-9.43,95.89,109.87,-13.98
302,Texas Southern,SWAC,,,14,20,69.4,71.6,-2.15,,-4.52,,-4.25,-5.24,-9.49,89.41,102.76,-13.35
303,Bucknell,Patriot,,,12,20,67.5,68.5,-0.97,,-7.13,,-5.62,-3.95,-9.57,88.92,103.51,-14.59
304,High Point,Big South,,,14,17,74.6,77.2,-2.58,,-5.19,,-0.66,-9.19,-9.85,93.12,107.14,-14.02
305,Manhattan,MAAC,,,12,18,67.2,70.4,-3.2,,-4.95,,-5.53,-4.36,-9.88,91.65,105.85,-14.21
306,Saint Peter's,MAAC,,,14,18,62.1,65.1,-3.03,,-5.25,,-11.05,1.16,-9.89,90.18,105.41,-15.24
307,Cal State Northridge,Big West,,,7,25,63.4,68.6,-5.19,,-1.27,,-9.2,-0.74,-9.94,89.85,105.1,-15.24
308,Western Michigan,MAC,,,8,23,69.9,74,-4.16,,-1.97,,-4.03,-6.16,-10.19,97.22,112.61,-15.39
309,Northeastern,CAA,,,10,20,65.3,71.7,-6.37,,-3.98,,-6.63,-3.72,-10.35,90.85,105.98,-15.13
310,Omaha,Summit,,,9,23,68.5,76.2,-7.69,,-1.41,,-3.77,-6.6,-10.37,94.11,109.4,-15.29
311,Alabama A&M,SWAC,,,15,18,69.6,70.9,-1.3,,-7.33,,-6,-4.4,-10.39,90.27,104.78,-14.52
312,Binghamton,AEC,,,13,18,68.8,71.5,-2.71,,-5.53,,-6.12,-4.35,-10.47,91.95,107.43,-15.48
313,Texas A&M-Commerce,Southland,,,13,20,71.6,73.4,-1.79,,-7.28,,-5.08,-5.54,-10.63,84.05,99.06,-15.01
314,Eastern Michigan,MAC,,,8,23,72.2,80.8,-8.58,,-1.54,,-0.75,-9.96,-10.71,95.87,110.79,-14.92
315,Jackson State,SWAC,,,14,19,67.6,73.6,-5.97,,-4.95,,-5,-5.92,-10.92,91.76,107.08,-15.33
316,Chicago State,Ind,,,11,20,70.3,73,-2.71,,-3.17,,-6.28,-4.66,-10.94,95.27,111.2,-15.93
317,William & Mary,CAA,,,13,20,67.2,70.3,-3.06,,-4.17,,-6.97,-4.01,-10.98,93.79,110.02,-16.23
318,North Carolina A&T,CAA,,,13,19,70.8,73.8,-3.06,,-3.78,,-3.03,-8.21,-11.23,91.79,107.89,-16.1
319,Fairleigh Dickinson,NEC,,,19,15,77.8,74.9,2.91,,-11.72,,1.18,-12.59,-11.41,98.65,114.78,-16.13
320,Morgan State,MEAC,,,15,16,74.9,72.3,2.61,,-5.98,,-5.08,-6.38,-11.46,86.77,102.44,-15.67
,,,,,,,,,,,,,SRS,,,Adjusted,,
Rk,School,Conf,,AP Rank,W,L,Pts,Opp,MOV,,SOS,,OSRS,DSRS,SRS,ORtg,DRtg,NRtg
321,Merrimack,NEC,,,18,16,62.6,62.3,0.26,,-9.5,,-13.73,2.16,-11.57,82.46,98.91,-16.46
322,Central Michigan,MAC,,,10,21,65.7,73,-7.26,,-2.26,,-8.89,-2.72,-11.61,87.03,104.08,-17.04
323,Loyola (MD),Patriot,,,13,20,67.3,70.6,-3.3,,-6.08,,-7.51,-4.48,-11.98,91.81,110.08,-18.27
324,The Citadel,Southern,,,10,22,67.4,74.2,-6.75,,-3.62,,-6.74,-5.24,-11.98,91.36,108.76,-17.4
325,Wagner,NEC,,,15,13,63.1,61.7,1.39,,-11.28,,-14.5,2.26,-12.24,86.22,103.2,-16.98
326,Little Rock,OVC,,,10,21,75.4,79.4,-4,,-6.74,,0.1,-12.49,-12.39,95.43,112.77,-17.35
327,Stony Brook,CAA,,,11,22,63.1,69.1,-5.94,,-4.1,,-11.21,-1.21,-12.43,88.85,107.31,-18.46
328,Austin Peay,A-Sun,,,9,22,66.7,72.3,-5.61,,-2.73,,-9.47,-2.99,-12.46,87.08,104.59,-17.51
329,Arkansas-Pine Bluff,SWAC,,,10,21,66.9,69.7,-2.84,,-4.88,,-6.61,-5.9,-12.51,86.83,104.88,-18.05
330,NJIT,AEC,,,7,23,66.9,72.7,-5.8,,-5.68,,-6.82,-5.82,-12.64,90.62,109.45,-18.83
331,Elon,CAA,,,8,24,65.4,71.6,-6.16,,-4.32,,-8.26,-4.52,-12.78,90.82,109.42,-18.6
332,Sacred Heart,NEC,,,16,17,70.7,71.2,-0.58,,-11.31,,-4.77,-8.42,-13.19,89.09,107.53,-18.44
333,McNeese State,Southland,,,11,23,69.2,75.4,-6.26,,-5.06,,-6.71,-6.5,-13.21,91.02,110.12,-19.1
334,Stonehill,NEC,,,14,17,67,69.6,-2.61,,-8.98,,-8.56,-4.69,-13.25,87.82,106.67,-18.85
335,Presbyterian,Big South,,,5,27,63.2,69.5,-6.31,,-5.05,,-11.38,-2.21,-13.58,87.34,108.15,-20.81
336,Central Arkansas,A-Sun,,,9,22,72.9,81.5,-8.58,,-3.07,,-0.7,-12.93,-13.63,90.82,109.58,-18.76
337,Eastern Illinois,OVC,,,9,22,68.8,72.1,-3.26,,-6.5,,-8.89,-4.96,-13.84,87.5,107.43,-19.94
338,New Orleans,Southland,,,12,20,73.1,79.3,-6.13,,-6.99,,-2.42,-11.44,-13.86,89.96,109.24,-19.28
339,Saint Francis (PA),NEC,,,13,18,73,73.7,-0.74,,-9.77,,-3.57,-10.33,-13.91,93.71,114.04,-20.33
340,Central Connecticut State,NEC,,,10,22,66,70.2,-4.19,,-9.86,,-9.23,-4.82,-14.05,89.94,110.22,-20.28
,,,,,,,,,,,,,SRS,,,Adjusted,,
Rk,School,Conf,,AP Rank,W,L,Pts,Opp,MOV,,SOS,,OSRS,DSRS,SRS,ORtg,DRtg,NRtg
341,Holy Cross,Patriot,,,10,22,66.8,72.6,-5.88,,-6.4,,-7.41,-6.86,-14.27,87.01,107.66,-20.65
342,Albany (NY),AEC,,,8,23,67.3,75.2,-7.94,,-4.55,,-6.28,-8.1,-14.38,91.43,112.63,-21.2
343,Lindenwood,OVC,,,11,21,69.6,73.8,-4.25,,-6.1,,-7.65,-6.9,-14.55,88.26,108.88,-20.62
344,Coppin State,MEAC,,,9,23,72,83.2,-11.16,,-3.45,,-0.46,-14.15,-14.61,92.37,112.39,-20.02
345,Columbia,Ivy,,,7,22,67.8,75.8,-7.97,,-2.65,,-6.67,-7.98,-14.65,87,107.28,-20.28
346,Evansville,MVC,,,5,27,62.4,76,-13.59,,-1.12,,-8.48,-6.23,-14.71,85.33,106.11,-20.78
347,Incarnate Word,Southland,,,12,19,70.8,73.9,-3.1,,-8.03,,-7.8,-7.06,-14.86,84.12,104.84,-20.73
348,Hampton,CAA,,,8,24,68.2,77.5,-9.31,,-4.56,,-5.33,-9.77,-15.1,90.47,111.76,-21.29
349,Monmouth,CAA,,,7,26,61.7,74.7,-13.03,,-2.61,,-9.55,-6.09,-15.64,85.49,108.73,-23.24
350,Alabama State,SWAC,,,8,23,63.3,72.6,-9.32,,-5.94,,-10.99,-4.98,-15.97,85.29,107.72,-22.43
351,VMI,Southern,,,7,25,69.4,76.8,-7.41,,-3.44,,-6.53,-9.6,-16.13,91.25,115.09,-23.83
352,Bethune-Cookman,SWAC,,,13,20,67.6,74.5,-6.88,,-7.5,,-7.05,-9.42,-16.47,84.98,107.97,-22.99
353,South Carolina State,MEAC,,,5,26,73.4,83.8,-10.48,,-3.97,,-1.58,-14.99,-16.57,90.97,113.03,-22.06
354,Houston Christian,Southland,,,10,22,77.6,83.1,-5.5,,-6.61,,-1.36,-15.49,-16.86,92.47,115.62,-23.15
355,Lamar,Southland,,,9,22,67.9,74.5,-6.68,,-7.25,,-9.81,-7.19,-17,86.35,110.47,-24.12
356,St. Francis (NY),NEC,,,14,16,64.9,67.8,-2.93,,-11.7,,-13.04,-3.98,-17.02,82.81,107.5,-24.7
357,Florida A&M,SWAC,,,7,22,58.6,70,-11.38,,-4.62,,-14.21,-3.23,-17.44,82.89,108.6,-25.71
358,Delaware State,MEAC,,,6,24,64.6,75.5,-10.87,,-4.96,,-10.1,-7.61,-17.71,85.44,110.35,-24.91
359,Mississippi Valley State,SWAC,,,5,27,61,74.8,-13.72,,-4.11,,-11.21,-6.62,-17.83,83.78,109.4,-25.62
360,IUPUI,Horizon,,,5,27,65.3,76.8,-11.47,,-5.28,,-8.78,-9.94,-18.72,87.96,115.23,-27.27
,,,,,,,,,,,,,SRS,,,Adjusted,,
Rk,School,Conf,,AP Rank,W,L,Pts,Opp,MOV,,SOS,,OSRS,DSRS,SRS,ORtg,DRtg,NRtg
361,Green Bay,Horizon,,,3,29,59.3,76.5,-17.16,,-2.95,,-13.8,-6.31,-20.11,83.21,113.3,-30.1
362,Hartford,Ind,,,5,23,62.8,71.1,-8.36,,-8.18,,-14.81,-8.53,-23.34,80.99,115.34,-34.36
363,Long Island University,NEC,,,3,26,66.7,80,-13.24,,-6.37,,-9.62,-15.43,-25.05,77.22,109.2,-31.98
